Workbook

Sheet JAN
B1: PELADA DA RESENHA - TERÇA 20H
B3: JOGADOR | C3: 45664 | H3: =C3+7 -> 45671 | M3: =H3+7 -> 45678 | R3: =M3+7 -> 45685 | W3: - | AB3: PRESENÇA | AC3: GOLS TOTAIS | AD3: ASSIST TOTAIS | AE3: G+A | AF3: FOTOS | AG3: MÉDIA TOTAL
C4: PRESENTE | D4: GOL | E4: ASSIST | F4: NOTA | H4: PRESENTE | I4: GOL | J4: ASSIST | K4: NOTA | M4: PRESENTE | N4: GOL | O4: ASSIST | P4: NOTA | R4: PRESENTE | S4: GOL | T4: ASSIST | U4: NOTA | W4: PRESENTE | X4: GOL | Y4: ASSIST | Z4: NOTA
B5: Alberto Henrique | H5: P | I5: 3 | J5: 2 | K5: 7.38 | M5: P | N5: 2 | O5: 0 | P5: 6.06 | R5: P | S5: 1 | T5: 0 | U5: 5.26 | AB5: =COUNTIF(C5:Z5,"P") -> 3 | AC5: =SUM(D5,I5,N5,S5,X5) -> 6 | AD5: =SUM(E5,J5,O5,T5,Y5) -> 2 | AE5: =SUM(AC5+AD5) -> 8 | AF5: =COUNTIF(G5:AA5,"F") -> 0 | AG5: =IFERROR(AVERAGE(F5,K5,P5,U5,Z5),"-") -> 6.2333333
B6: Allan Borela | C6: P | D6: 0 | E6: 0 | G6: F | H6: P | I6: 0 | J6: 1 | K6: 4.2 | M6: P | N6: 1 | O6: 0 | P6: 5.88 | Q6: F | R6: P | S6: 0 | T6: 1 | U6: 4.64 | AB6: =COUNTIF(C6:Z6,"P") -> 4 | AC6: =SUM(D6,I6,N6,S6,X6) -> 1 | AD6: =SUM(E6,J6,O6,T6,Y6) -> 2 | AE6: =SUM(AC6+AD6) -> 3 | AF6: =COUNTIF(G6:AA6,"F") -> 2 | AG6: =IFERROR(AVERAGE(F6,K6,P6,U6,Z6),"-") -> 4.9066667
B7: Breno (GK) | AB7: =COUNTIF(C7:Z7,"P") -> 0 | AC7: =SUM(D7,I7,N7,S7,X7) -> 0 | AD7: =SUM(E7,J7,O7,T7,Y7) -> 0 | AE7: =SUM(AC7+AD7) -> 0 | AF7: =COUNTIF(G7:AA7,"F") -> 0 | AG7: =IFERROR(AVERAGE(F7,K7,P7,U7,Z7),"-") -> -
B8: Daniel Medeiros (GK) | AB8: =COUNTIF(C8:Z8,"P") -> 0 | AC8: =SUM(D8,I8,N8,S8,X8) -> 0 | AD8: =SUM(E8,J8,O8,T8,Y8) -> 0 | AE8: =SUM(AC8+AD8) -> 0 | AF8: =COUNTIF(G8:AA8,"F") -> 0 | AG8: =IFERROR(AVERAGE(F8,K8,P8,U8,Z8),"-") -> -
B9: David Melo | AB9: =COUNTIF(C9:Z9,"P") -> 0 | AC9: =SUM(D9,I9,N9,S9,X9) -> 0 | AD9: =SUM(E9,J9,O9,T9,Y9) -> 0 | AE9: =SUM(AC9+AD9) -> 0 | AF9: =COUNTIF(G9:AA9,"F") -> 0 | AG9: =IFERROR(AVERAGE(F9,K9,P9,U9,Z9),"-") -> -
B10: Douglas DG (GK) | C10: P | D10: 0 | E10: 0 | G10: F | H10: P | I10: 0 | J10: 0 | K10: 7.04 | L10: F | M10: P | N10: 0 | O10: 0 | P10: 6.94 | Q10: F | R10: P | S10: 0 | T10: 0 | U10: 7.78 | V10: F | AB10: =COUNTIF(C10:Z10,"P") -> 4 | AC10: =SUM(D10,I10,N10,S10,X10) -> 0 | AD10: =SUM(E10,J10,O10,T10,Y10) -> 0 | AE10: =SUM(AC10+AD10) -> 0 | AF10: =COUNTIF(G10:AA10,"F") -> 4 | AG10: =IFERROR(AVERAGE(F10,K10,P10,U10,Z10),"-") -> 7.2533333
B11: Felipe Horsts | AB11: =COUNTIF(C11:Z11,"P") -> 0 | AC11: =SUM(D11,I11,N11,S11,X11) -> 0 | AD11: =SUM(E11,J11,O11,T11,Y11) -> 0 | AE11: =SUM(AC11+AD11) -> 0 | AF11: =COUNTIF(G11:AA11,"F") -> 0 | AG11: =IFERROR(AVERAGE(F11,K11,P11,U11,Z11),"-") -> -
B12: Gabriel Andrade | H12: P | I12: 1 | J12: 1 | K12: 5.88 | R12: P | S12: 1 | T12: 2 | U12: 6.9 | V12: F | AB12: =COUNTIF(C12:Z12,"P") -> 2 | AC12: =SUM(D12,I12,N12,S12,X12) -> 2 | AD12: =SUM(E12,J12,O12,T12,Y12) -> 3 | AE12: =SUM(AC12+AD12) -> 5 | AF12: =COUNTIF(G12:AA12,"F") -> 1 | AG12: =IFERROR(AVERAGE(F12,K12,P12,U12,Z12),"-") -> 6.39
B13: Gabriel Castro | C13: P | D13: 2 | E13: 0 | H13: P | I13: 0 | J13: 0 | K13: 4.46 | R13: P | S13: 0 | T13: 2 | U13: 4.22 | AB13: =COUNTIF(C13:Z13,"P") -> 3 | AC13: =SUM(D13,I13,N13,S13,X13) -> 2 | AD13: =SUM(E13,J13,O13,T13,Y13) -> 2 | AE13: =SUM(AC13+AD13) -> 4 | AF13: =COUNTIF(G13:AA13,"F") -> 0 | AG13: =IFERROR(AVERAGE(F13,K13,P13,U13,Z13),"-") -> 4.34
B14: Gabriel Cosendey | H14: P | I14: 0 | J14: 2 | K14: 7.16 | L14: F | AB14: =COUNTIF(C14:Z14,"P") -> 1 | AC14: =SUM(D14,I14,N14,S14,X14) -> 0 | AD14: =SUM(E14,J14,O14,T14,Y14) -> 2 | AE14: =SUM(AC14+AD14) -> 2 | AF14: =COUNTIF(G14:AA14,"F") -> 1 | AG14: =IFERROR(AVERAGE(F14,K14,P14,U14,Z14),"-") -> 7.16
B15: Gabriel Teixeira | AB15: =COUNTIF(C15:Z15,"P") -> 0 | AC15: =SUM(D15,I15,N15,S15,X15) -> 0 | AD15: =SUM(E15,J15,O15,T15,Y15) -> 0 | AE15: =SUM(AC15+AD15) -> 0 | AF15: =COUNTIF(G15:AA15,"F") -> 0 | AG15: =IFERROR(AVERAGE(F15,K15,P15,U15,Z15),"-") -> -
B16: Guilherme Santos (GK) | C16: P | D16: 0 | E16: 0 | H16: P | I16: 0 | J16: 0 | K16: 6.3 | M16: P | N16: 0 | O16: 0 | P16: 5.22 | R16: P | S16: 0 | T16: 0 | U16: 5 | AB16: =COUNTIF(C16:Z16,"P") -> 4 | AC16: =SUM(D16,I16,N16,S16,X16) -> 0 | AD16: =SUM(E16,J16,O16,T16,Y16) -> 0 | AE16: =SUM(AC16+AD16) -> 0 | AF16: =COUNTIF(G16:AA16,"F") -> 0 | AG16: =IFERROR(AVERAGE(F16,K16,P16,U16,Z16),"-") -> 5.5066667
B17: Gustavo Bumbum (GK) | AB17: =COUNTIF(C17:Z17,"P") -> 0 | AC17: =SUM(D17,I17,N17,S17,X17) -> 0 | AD17: =SUM(E17,J17,O17,T17,Y17) -> 0 | AE17: =SUM(AC17+AD17) -> 0 | AF17: =COUNTIF(G17:AA17,"F") -> 0 | AG17: =IFERROR(AVERAGE(F17,K17,P17,U17,Z17),"-") -> -
B18: Gustavo Gomes | C18: P | D18: 1 | E18: 0 | H18: P | I18: 2 | J18: 0 | K18: 4.12 | R18: P | S18: 0 | T18: 1 | U18: 4.16 | AB18: =COUNTIF(C18:Z18,"P") -> 3 | AC18: =SUM(D18,I18,N18,S18,X18) -> 3 | AD18: =SUM(E18,J18,O18,T18,Y18) -> 1 | AE18: =SUM(AC18+AD18) -> 4 | AF18: =COUNTIF(G18:AA18,"F") -> 0 | AG18: =IFERROR(AVERAGE(F18,K18,P18,U18,Z18),"-") -> 4.14
B19: Henrique Viza | H19: P | I19: 2 | J19: 1 | K19: 6.76 | AB19: =COUNTIF(C19:Z19,"P") -> 1 | AC19: =SUM(D19,I19,N19,S19,X19) -> 2 | AD19: =SUM(E19,J19,O19,T19,Y19) -> 1 | AE19: =SUM(AC19+AD19) -> 3 | AF19: =COUNTIF(G19:AA19,"F") -> 0 | AG19: =IFERROR(AVERAGE(F19,K19,P19,U19,Z19),"-") -> 6.76
B20: Jeferson Neves | AB20: =COUNTIF(C20:Z20,"P") -> 0 | AC20: =SUM(D20,I20,N20,S20,X20) -> 0 | AD20: =SUM(E20,J20,O20,T20,Y20) -> 0 | AE20: =SUM(AC20+AD20) -> 0 | AF20: =COUNTIF(G20:AA20,"F") -> 0 | AG20: =IFERROR(AVERAGE(F20,K20,P20,U20,Z20),"-") -> -
B21: João Victor - Bazim | H21: P | I21: 0 | J21: 0 | K21: 4.84 | L21: F | R21: P | S21: 0 | T21: 0 | U21: 5.64 | V21: F | AB21: =COUNTIF(C21:Z21,"P") -> 2 | AC21: =SUM(D21,I21,N21,S21,X21) -> 0 | AD21: =SUM(E21,J21,O21,T21,Y21) -> 0 | AE21: =SUM(AC21+AD21) -> 0 | AF21: =COUNTIF(G21:AA21,"F") -> 2 | AG21: =IFERROR(AVERAGE(F21,K21,P21,U21,Z21),"-") -> 5.24
B22: João Vitor Nunes | C22: P | D22: 2 | E22: 0 | H22: P | I22: 1 | J22: 0 | K22: 4.16 | L22: F | M22: P | N22: 2 | O22: 2 | P22: 5.66 | Q22: F | R22: P | S22: 5 | T22: 2 | U22: 6.06 | V22: F | AB22: =COUNTIF(C22:Z22,"P") -> 4 | AC22: =SUM(D22,I22,N22,S22,X22) -> 10 | AD22: =SUM(E22,J22,O22,T22,Y22) -> 4 | AE22: =SUM(AC22+AD22) -> 14 | AF22: =COUNTIF(G22:AA22,"F") -> 3 | AG22: =IFERROR(AVERAGE(F22,K22,P22,U22,Z22),"-") -> 5.2933333
B23: José Guilherme | AB23: =COUNTIF(C23:Z23,"P") -> 0 | AC23: =SUM(D23,I23,N23,S23,X23) -> 0 | AD23: =SUM(E23,J23,O23,T23,Y23) -> 0 | AE23: =SUM(AC23+AD23) -> 0 | AF23: =COUNTIF(G23:AA23,"F") -> 0 | AG23: =IFERROR(AVERAGE(F23,K23,P23,U23,Z23),"-") -> -
B24: Kyrius Barros | AB24: =COUNTIF(C24:Z24,"P") -> 0 | AC24: =SUM(D24,I24,N24,S24,X24) -> 0 | AD24: =SUM(E24,J24,O24,T24,Y24) -> 0 | AE24: =SUM(AC24+AD24) -> 0 | AF24: =COUNTIF(G24:AA24,"F") -> 0 | AG24: =IFERROR(AVERAGE(F24,K24,P24,U24,Z24),"-") -> -
B25: Leo Bitencourt | AB25: =COUNTIF(C25:Z25,"P") -> 0 | AC25: =SUM(D25,I25,N25,S25,X25) -> 0 | AD25: =SUM(E25,J25,O25,T25,Y25) -> 0 | AE25: =SUM(AC25+AD25) -> 0 | AF25: =COUNTIF(G25:AA25,"F") -> 0 | AG25: =IFERROR(AVERAGE(F25,K25,P25,U25,Z25),"-") -> -
B26: Leo Hubner | AB26: =COUNTIF(C26:Z26,"P") -> 0 | AC26: =SUM(D26,I26,N26,S26,X26) -> 0 | AD26: =SUM(E26,J26,O26,T26,Y26) -> 0 | AE26: =SUM(AC26+AD26) -> 0 | AF26: =COUNTIF(G26:AA26,"F") -> 0 | AG26: =IFERROR(AVERAGE(F26,K26,P26,U26,Z26),"-") -> -
B27: Leo Starling | G27: F | H27: P | I27: 2 | J27: 0 | K27: 6 | M27: P | N27: 1 | O27: 1 | P27: 4.88 | AB27: =COUNTIF(C27:Z27,"P") -> 2 | AC27: =SUM(D27,I27,N27,S27,X27) -> 3 | AD27: =SUM(E27,J27,O27,T27,Y27) -> 1 | AE27: =SUM(AC27+AD27) -> 4 | AF27: =COUNTIF(G27:AA27,"F") -> 1 | AG27: =IFERROR(AVERAGE(F27,K27,P27,U27,Z27),"-") -> 5.44
B28: Lucas Bertolace | AB28: =COUNTIF(C28:Z28,"P") -> 0 | AC28: =SUM(D28,I28,N28,S28,X28) -> 0 | AD28: =SUM(E28,J28,O28,T28,Y28) -> 0 | AE28: =SUM(AC28+AD28) -> 0 | AF28: =COUNTIF(G28:AA28,"F") -> 0 | AG28: =IFERROR(AVERAGE(F28,K28,P28,U28,Z28),"-") -> -
B29: Lucas Borela | AB29: =COUNTIF(C29:Z29,"P") -> 0 | AC29: =SUM(D29,I29,N29,S29,X29) -> 0 | AD29: =SUM(E29,J29,O29,T29,Y29) -> 0 | AE29: =SUM(AC29+AD29) -> 0 | AF29: =COUNTIF(G29:AA29,"F") -> 0 | AG29: =IFERROR(AVERAGE(F29,K29,P29,U29,Z29),"-") -> -
B30: Lucas Gama - Passarim | AB30: =COUNTIF(C30:Z30,"P") -> 0 | AC30: =SUM(D30,I30,N30,S30,X30) -> 0 | AD30: =SUM(E30,J30,O30,T30,Y30) -> 0 | AE30: =SUM(AC30+AD30) -> 0 | AF30: =COUNTIF(G30:AA30,"F") -> 0 | AG30: =IFERROR(AVERAGE(F30,K30,P30,U30,Z30),"-") -> -
B31: Lucas Leite - Coxinha | M31: P | N31: 0 | O31: 1 | P31: 4.28 | AB31: =COUNTIF(C31:Z31,"P") -> 1 | AC31: =SUM(D31,I31,N31,S31,X31) -> 0 | AD31: =SUM(E31,J31,O31,T31,Y31) -> 1 | AE31: =SUM(AC31+AD31) -> 1 | AF31: =COUNTIF(G31:AA31,"F") -> 0 | AG31: =IFERROR(AVERAGE(F31,K31,P31,U31,Z31),"-") -> 4.28
B32: Luis do Corte | AB32: =COUNTIF(C32:Z32,"P") -> 0 | AC32: =SUM(D32,I32,N32,S32,X32) -> 0 | AD32: =SUM(E32,J32,O32,T32,Y32) -> 0 | AE32: =SUM(AC32+AD32) -> 0 | AF32: =COUNTIF(G32:AA32,"F") -> 0 | AG32: =IFERROR(AVERAGE(F32,K32,P32,U32,Z32),"-") -> -
B33: Marcelo Castro | C33: P | D33: 3 | E33: 2 | G33: F | H33: P | I33: 3 | J33: 0 | K33: 7.96 | L33: F | M33: P | N33: 3 | O33: 1 | P33: 8.42 | Q33: F | R33: P | S33: 0 | T33: 1 | U33: 6 | AB33: =COUNTIF(C33:Z33,"P") -> 4 | AC33: =SUM(D33,I33,N33,S33,X33) -> 9 | AD33: =SUM(E33,J33,O33,T33,Y33) -> 4 | AE33: =SUM(AC33+AD33) -> 13 | AF33: =COUNTIF(G33:AA33,"F") -> 3 | AG33: =IFERROR(AVERAGE(F33,K33,P33,U33,Z33),"-") -> 7.46
B34: Marco Antonio | AB34: =COUNTIF(C34:Z34,"P") -> 0 | AC34: =SUM(D34,I34,N34,S34,X34) -> 0 | AD34: =SUM(E34,J34,O34,T34,Y34) -> 0 | AE34: =SUM(AC34+AD34) -> 0 | AF34: =COUNTIF(G34:AA34,"F") -> 0 | AG34: =IFERROR(AVERAGE(F34,K34,P34,U34,Z34),"-") -> -
B35: Matheus Gomes | H35: P | I35: 1 | J35: 1 | K35: 5.54 | M35: P | N35: 0 | O35: 0 | P35: 4.94 | R35: P | S35: 1 | T35: 1 | U35: 4.42 | AB35: =COUNTIF(C35:Z35,"P") -> 3 | AC35: =SUM(D35,I35,N35,S35,X35) -> 2 | AD35: =SUM(E35,J35,O35,T35,Y35) -> 2 | AE35: =SUM(AC35+AD35) -> 4 | AF35: =COUNTIF(G35:AA35,"F") -> 0 | AG35: =IFERROR(AVERAGE(F35,K35,P35,U35,Z35),"-") -> 4.9666667
B36: Meurin | H36: P | I36: 1 | J36: 1 | K36: 5.66 | M36: P | N36: 2 | O36: 3 | P36: 7.22 | Q36: F | AB36: =COUNTIF(C36:Z36,"P") -> 2 | AC36: =SUM(D36,I36,N36,S36,X36) -> 3 | AD36: =SUM(E36,J36,O36,T36,Y36) -> 4 | AE36: =SUM(AC36+AD36) -> 7 | AF36: =COUNTIF(G36:AA36,"F") -> 1 | AG36: =IFERROR(AVERAGE(F36,K36,P36,U36,Z36),"-") -> 6.44
B37: Pablo Brandão | C37: P | D37: 0 | E37: 2 | H37: P | I37: 0 | J37: 0 | K37: 3.88 | M37: P | N37: 0 | O37: 0 | P37: 5.12 | R37: P | S37: 0 | T37: 1 | U37: 5.36 | V37: F | AB37: =COUNTIF(C37:Z37,"P") -> 4 | AC37: =SUM(D37,I37,N37,S37,X37) -> 0 | AD37: =SUM(E37,J37,O37,T37,Y37) -> 3 | AE37: =SUM(AC37+AD37) -> 3 | AF37: =COUNTIF(G37:AA37,"F") -> 1 | AG37: =IFERROR(AVERAGE(F37,K37,P37,U37,Z37),"-") -> 4.7866667
B38: Pedro Abreu | AB38: =COUNTIF(C38:Z38,"P") -> 0 | AC38: =SUM(D38,I38,N38,S38,X38) -> 0 | AD38: =SUM(E38,J38,O38,T38,Y38) -> 0 | AE38: =SUM(AC38+AD38) -> 0 | AF38: =COUNTIF(G38:AA38,"F") -> 0 | AG38: =IFERROR(AVERAGE(F38,K38,P38,U38,Z38),"-") -> -
B39: Pedro Chequer | H39: P | I39: 0 | J39: 0 | K39: 4.88 | M39: P | N39: 1 | O39: 1 | P39: 5.84 | Q39: F | AB39: =COUNTIF(C39:Z39,"P") -> 2 | AC39: =SUM(D39,I39,N39,S39,X39) -> 1 | AD39: =SUM(E39,J39,O39,T39,Y39) -> 1 | AE39: =SUM(AC39+AD39) -> 2 | AF39: =COUNTIF(G39:AA39,"F") -> 1 | AG39: =IFERROR(AVERAGE(F39,K39,P39,U39,Z39),"-") -> 5.36
B40: Pedro Dias | H40: P | I40: 2 | J40: 1 | K40: 6.2 | L40: F | M40: P | N40: 0 | O40: 0 | P40: 5.16 | R40: P | S40: 2 | T40: 2 | U40: 5.64 | V40: F | AB40: =COUNTIF(C40:Z40,"P") -> 3 | AC40: =SUM(D40,I40,N40,S40,X40) -> 4 | AD40: =SUM(E40,J40,O40,T40,Y40) -> 3 | AE40: =SUM(AC40+AD40) -> 7 | AF40: =COUNTIF(G40:AA40,"F") -> 2 | AG40: =IFERROR(AVERAGE(F40,K40,P40,U40,Z40),"-") -> 5.6666667
B41: Pierre Paulo | C41: P | D41: 0 | E41: 0 | H41: P | I41: 2 | J41: 1 | K41: 5 | M41: P | N41: 0 | O41: 0 | P41: 5.44 | R41: P | S41: 0 | T41: 1 | U41: 4.94 | AB41: =COUNTIF(C41:Z41,"P") -> 4 | AC41: =SUM(D41,I41,N41,S41,X41) -> 2 | AD41: =SUM(E41,J41,O41,T41,Y41) -> 2 | AE41: =SUM(AC41+AD41) -> 4 | AF41: =COUNTIF(G41:AA41,"F") -> 0 | AG41: =IFERROR(AVERAGE(F41,K41,P41,U41,Z41),"-") -> 5.1266667
B42: Rafael Mendes | C42: P | D42: 2 | E42: 0 | G42: F | H42: P | I42: 0 | J42: 2 | K42: 5.92 | L42: F | M42: P | N42: 2 | O42: 1 | P42: 6.06 | R42: P | S42: 1 | T42: 1 | U42: 5.58 | AB42: =COUNTIF(C42:Z42,"P") -> 4 | AC42: =SUM(D42,I42,N42,S42,X42) -> 5 | AD42: =SUM(E42,J42,O42,T42,Y42) -> 4 | AE42: =SUM(AC42+AD42) -> 9 | AF42: =COUNTIF(G42:AA42,"F") -> 2 | AG42: =IFERROR(AVERAGE(F42,K42,P42,U42,Z42),"-") -> 5.8533333
B43: Rafael Vasconcelos | M43: P | N43: 0 | O43: 0 | P43: 3.88 | AB43: =COUNTIF(C43:Z43,"P") -> 1 | AC43: =SUM(D43,I43,N43,S43,X43) -> 0 | AD43: =SUM(E43,J43,O43,T43,Y43) -> 0 | AE43: =SUM(AC43+AD43) -> 0 | AF43: =COUNTIF(G43:AA43,"F") -> 0 | AG43: =IFERROR(AVERAGE(F43,K43,P43,U43,Z43),"-") -> 3.88
B44: Raphael Ambrosio | H44: P | I44: 0 | J44: 1 | K44: 4.92 | M44: P | N44: 0 | O44: 1 | P44: 4.5 | AB44: =COUNTIF(C44:Z44,"P") -> 2 | AC44: =SUM(D44,I44,N44,S44,X44) -> 0 | AD44: =SUM(E44,J44,O44,T44,Y44) -> 2 | AE44: =SUM(AC44+AD44) -> 2 | AF44: =COUNTIF(G44:AA44,"F") -> 0 | AG44: =IFERROR(AVERAGE(F44,K44,P44,U44,Z44),"-") -> 4.71
B45: Reinaldo Santana | C45: P | D45: 0 | E45: 0 | H45: P | I45: 0 | J45: 0 | K45: 4.62 | R45: P | S45: 0 | T45: 0 | U45: 4.36 | AB45: =COUNTIF(C45:Z45,"P") -> 3 | AC45: =SUM(D45,I45,N45,S45,X45) -> 0 | AD45: =SUM(E45,J45,O45,T45,Y45) -> 0 | AE45: =SUM(AC45+AD45) -> 0 | AF45: =COUNTIF(G45:AA45,"F") -> 0 | AG45: =IFERROR(AVERAGE(F45,K45,P45,U45,Z45),"-") -> 4.49
B46: Ricardo Marchesini (GK) | AB46: =COUNTIF(C46:Z46,"P") -> 0 | AC46: =SUM(D46,I46,N46,S46,X46) -> 0 | AD46: =SUM(E46,J46,O46,T46,Y46) -> 0 | AE46: =SUM(AC46+AD46) -> 0 | AF46: =COUNTIF(G46:AA46,"F") -> 0 | AG46: =IFERROR(AVERAGE(F46,K46,P46,U46,Z46),"-") -> -
B47: Ruan Amorim | C47: P | D47: 0 | E47: 0 | H47: P | I47: 0 | J47: 0 | K47: 5.38 | M47: P | N47: 0 | O47: 0 | P47: 6.22 | Q47: F | AB47: =COUNTIF(C47:Z47,"P") -> 3 | AC47: =SUM(D47,I47,N47,S47,X47) -> 0 | AD47: =SUM(E47,J47,O47,T47,Y47) -> 0 | AE47: =SUM(AC47+AD47) -> 0 | AF47: =COUNTIF(G47:AA47,"F") -> 1 | AG47: =IFERROR(AVERAGE(F47,K47,P47,U47,Z47),"-") -> 5.8
B48: Salomão Charbel | AB48: =COUNTIF(C48:Z48,"P") -> 0 | AC48: =SUM(D48,I48,N48,S48,X48) -> 0 | AD48: =SUM(E48,J48,O48,T48,Y48) -> 0 | AE48: =SUM(AC48+AD48) -> 0 | AF48: =COUNTIF(G48:AA48,"F") -> 0 | AG48: =IFERROR(AVERAGE(F48,K48,P48,U48,Z48),"-") -> -
B49: Thiago Amorim - Caputira | AB49: =COUNTIF(C49:Z49,"P") -> 0 | AC49: =SUM(D49,I49,N49,S49,X49) -> 0 | AD49: =SUM(E49,J49,O49,T49,Y49) -> 0 | AE49: =SUM(AC49+AD49) -> 0 | AF49: =COUNTIF(G49:AA49,"F") -> 0 | AG49: =IFERROR(AVERAGE(F49,K49,P49,U49,Z49),"-") -> -
B50: Wanderson Santiago | C50: P | D50: 1 | E50: 1 | AB50: =COUNTIF(C50:Z50,"P") -> 1 | AC50: =SUM(D50,I50,N50,S50,X50) -> 1 | AD50: =SUM(E50,J50,O50,T50,Y50) -> 1 | AE50: =SUM(AC50+AD50) -> 2 | AF50: =COUNTIF(G50:AA50,"F") -> 0 | AG50: =IFERROR(AVERAGE(F50,K50,P50,U50,Z50),"-") -> -
B51: Wellington Leite | AB51: =COUNTIF(C51:Z51,"P") -> 0 | AC51: =SUM(D51,I51,N51,S51,X51) -> 0 | AD51: =SUM(E51,J51,O51,T51,Y51) -> 0 | AE51: =SUM(AC51+AD51) -> 0 | AF51: =COUNTIF(G51:AA51,"F") -> 0 | AG51: =IFERROR(AVERAGE(F51,K51,P51,U51,Z51),"-") -> -
B52: Yamam Fagundes | AB52: =COUNTIF(C52:Z52,"P") -> 0 | AC52: =SUM(D52,I52,N52,S52,X52) -> 0 | AD52: =SUM(E52,J52,O52,T52,Y52) -> 0 | AE52: =SUM(AC52+AD52) -> 0 | AF52: =COUNTIF(G52:AA52,"F") -> 0 | AG52: =IFERROR(AVERAGE(F52,K52,P52,U52,Z52),"-") -> -

Sheet FEV
B1: PELADA DA RESENHA - TERÇA 20H
B3: JOGADOR | C3: 45692 | H3: =C3+7 -> 45699 | M3: =H3+7 -> 45706 | R3: =M3+7 -> 45713 | W3: - | AB3: PRESENÇA | AC3: GOLS TOTAIS | AD3: ASSIST TOTAIS | AE3: G+A | AG3: MÉDIA TOTAL
C4: PRESENTE | D4: GOL | E4: ASSIST | F4: NOTA | H4: PRESENTE | I4: GOL | J4: ASSIST | K4: NOTA | M4: PRESENTE | N4: GOL | O4: ASSIST | P4: NOTA | R4: PRESENTE | S4: GOL | T4: ASSIST | U4: NOTA | W4: PRESENTE | X4: GOL | Y4: ASSIST | Z4: NOTA
B5: Alberto Henrique | C5: P | D5: 1 | E5: 0 | F5: 5.16 | H5: P | I5: 1 | J5: 4 | K5: 5.54 | R5: P | S5: 1 | T5: 1 | U5: 6.34 | W5: - | X5: - | Y5: - | Z5: - | AB5: =COUNTIF(C5:Z5,"P") -> 3 | AC5: =SUM(D5,I5,N5,S5,X5) -> 3 | AD5: =SUM(E5,J5,O5,T5,Y5) -> 5 | AE5: =SUM(AC5+AD5) -> 8 | AF5: =COUNTIF(G5:AA5,"F") -> 0 | AG5: =IFERROR(AVERAGE(F5,K5,P5,U5,Z5),"-") -> 5.68
B6: Allan Borela | C6: P | D6: 0 | E6: 0 | F6: 4.64 | H6: P | I6: 1 | J6: 1 | K6: 5.38 | L6: F | M6: P | N6: 0 | O6: 1 | P6: 5.1 | Q6: F | R6: P | S6: 0 | T6: 0 | U6: 5.26 | W6: - | X6: - | Y6: - | Z6: - | AB6: =COUNTIF(C6:Z6,"P") -> 4 | AC6: =SUM(D6,I6,N6,S6,X6) -> 1 | AD6: =SUM(E6,J6,O6,T6,Y6) -> 2 | AE6: =SUM(AC6+AD6) -> 3 | AF6: =COUNTIF(G6:AA6,"F") -> 2 | AG6: =IFERROR(AVERAGE(F6,K6,P6,U6,Z6),"-") -> 5.095
B7: Breno (GK) | V7: F | W7: - | X7: - | Y7: - | Z7: - | AB7: =COUNTIF(C7:Z7,"P") -> 0 | AC7: =SUM(D7,I7,N7,S7,X7) -> 0 | AD7: =SUM(E7,J7,O7,T7,Y7) -> 0 | AE7: =SUM(AC7+AD7) -> 0 | AF7: =COUNTIF(G7:AA7,"F") -> 1 | AG7: =IFERROR(AVERAGE(F7,K7,P7,U7,Z7),"-") -> -
B8: Daniel Medeiros (GK) | W8: - | X8: - | Y8: - | Z8: - | AB8: =COUNTIF(C8:Z8,"P") -> 0 | AC8: =SUM(D8,I8,N8,S8,X8) -> 0 | AD8: =SUM(E8,J8,O8,T8,Y8) -> 0 | AE8: =SUM(AC8+AD8) -> 0 | AF8: =COUNTIF(G8:AA8,"F") -> 0 | AG8: =IFERROR(AVERAGE(F8,K8,P8,U8,Z8),"-") -> -
B9: David Melo | M9: P | N9: 0 | O9: 0 | P9: 4.96 | R9: P | S9: 1 | T9: 0 | U9: 5.96 | W9: - | X9: - | Y9: - | Z9: - | AB9: =COUNTIF(C9:Z9,"P") -> 2 | AC9: =SUM(D9,I9,N9,S9,X9) -> 1 | AD9: =SUM(E9,J9,O9,T9,Y9) -> 0 | AE9: =SUM(AC9+AD9) -> 1 | AF9: =COUNTIF(G9:AA9,"F") -> 0 | AG9: =IFERROR(AVERAGE(F9,K9,P9,U9,Z9),"-") -> 5.46
B10: Douglas DG (GK) | H10: P | I10: 0 | J10: 0 | K10: 6 | W10: - | X10: - | Y10: - | Z10: - | AB10: =COUNTIF(C10:Z10,"P") -> 1 | AC10: =SUM(D10,I10,N10,S10,X10) -> 0 | AD10: =SUM(E10,J10,O10,T10,Y10) -> 0 | AE10: =SUM(AC10+AD10) -> 0 | AF10: =COUNTIF(G10:AA10,"F") -> 0 | AG10: =IFERROR(AVERAGE(F10,K10,P10,U10,Z10),"-") -> 6
B11: Felipe Horsts | M11: P | N11: 5 | O11: 3 | P11: 6.04 | Q11: F | W11: - | X11: - | Y11: - | Z11: - | AB11: =COUNTIF(C11:Z11,"P") -> 1 | AC11: =SUM(D11,I11,N11,S11,X11) -> 5 | AD11: =SUM(E11,J11,O11,T11,Y11) -> 3 | AE11: =SUM(AC11+AD11) -> 8 | AF11: =COUNTIF(G11:AA11,"F") -> 1 | AG11: =IFERROR(AVERAGE(F11,K11,P11,U11,Z11),"-") -> 6.04
B12: Gabriel Andrade | C12: P | D12: 0 | E12: 2 | F12: 7.72 | G12: F | H12: P | I12: 2 | J12: 2 | K12: 7.62 | L12: F | M12: P | N12: 4 | O12: 2 | P12: 7.46 | R12: P | S12: 3 | T12: 2 | U12: 8.26 | V12: F | W12: - | X12: - | Y12: - | Z12: - | AB12: =COUNTIF(C12:Z12,"P") -> 4 | AC12: =SUM(D12,I12,N12,S12,X12) -> 9 | AD12: =SUM(E12,J12,O12,T12,Y12) -> 8 | AE12: =SUM(AC12+AD12) -> 17 | AF12: =COUNTIF(G12:AA12,"F") -> 3 | AG12: =IFERROR(AVERAGE(F12,K12,P12,U12,Z12),"-") -> 7.765
B13: Gabriel Castro | C13: P | D13: 0 | E13: 2 | F13: 4.22 | H13: P | I13: 3 | J13: 1 | K13: 5.66 | M13: P | N13: 0 | O13: 1 | P13: 4.6 | R13: P | S13: 0 | T13: 1 | U13: 4.96 | W13: - | X13: - | Y13: - | Z13: - | AB13: =COUNTIF(C13:Z13,"P") -> 4 | AC13: =SUM(D13,I13,N13,S13,X13) -> 3 | AD13: =SUM(E13,J13,O13,T13,Y13) -> 5 | AE13: =SUM(AC13+AD13) -> 8 | AF13: =COUNTIF(G13:AA13,"F") -> 0 | AG13: =IFERROR(AVERAGE(F13,K13,P13,U13,Z13),"-") -> 4.86
B14: Gabriel Cosendey | W14: - | X14: - | Y14: - | Z14: - | AB14: =COUNTIF(C14:Z14,"P") -> 0 | AC14: =SUM(D14,I14,N14,S14,X14) -> 0 | AD14: =SUM(E14,J14,O14,T14,Y14) -> 0 | AE14: =SUM(AC14+AD14) -> 0 | AF14: =COUNTIF(G14:AA14,"F") -> 0 | AG14: =IFERROR(AVERAGE(F14,K14,P14,U14,Z14),"-") -> -
B15: Gabriel Teixeira | AB15: =COUNTIF(C15:Z15,"P") -> 0 | AC15: =SUM(D15,I15,N15,S15,X15) -> 0 | AD15: =SUM(E15,J15,O15,T15,Y15) -> 0 | AE15: =SUM(AC15+AD15) -> 0 | AF15: =COUNTIF(G15:AA15,"F") -> 0 | AG15: =IFERROR(AVERAGE(F15,K15,P15,U15,Z15),"-") -> -
B16: Guilherme Santos (GK) | C16: P | D16: 0 | E16: 0 | F16: 6.46 | G16: F | H16: P | I16: 0 | J16: 0 | K16: 6.8 | L16: F | M16: P | N16: 0 | O16: 0 | P16: 5.1 | R16: P | S16: 0 | T16: 0 | U16: 6.8 | W16: - | X16: - | Y16: - | Z16: - | AB16: =COUNTIF(C16:Z16,"P") -> 4 | AC16: =SUM(D16,I16,N16,S16,X16) -> 0 | AD16: =SUM(E16,J16,O16,T16,Y16) -> 0 | AE16: =SUM(AC16+AD16) -> 0 | AF16: =COUNTIF(G16:AA16,"F") -> 2 | AG16: =IFERROR(AVERAGE(F16,K16,P16,U16,Z16),"-") -> 6.29
B17: Gustavo Bumbum (GK) | W17: - | X17: - | Y17: - | Z17: - | AB17: =COUNTIF(C17:Z17,"P") -> 0 | AC17: =SUM(D17,I17,N17,S17,X17) -> 0 | AD17: =SUM(E17,J17,O17,T17,Y17) -> 0 | AE17: =SUM(AC17+AD17) -> 0 | AF17: =COUNTIF(G17:AA17,"F") -> 0 | AG17: =IFERROR(AVERAGE(F17,K17,P17,U17,Z17),"-") -> -
B18: Gustavo Gomes | W18: - | X18: - | Y18: - | Z18: - | AB18: =COUNTIF(C18:Z18,"P") -> 0 | AC18: =SUM(D18,I18,N18,S18,X18) -> 0 | AD18: =SUM(E18,J18,O18,T18,Y18) -> 0 | AE18: =SUM(AC18+AD18) -> 0 | AF18: =COUNTIF(G18:AA18,"F") -> 0 | AG18: =IFERROR(AVERAGE(F18,K18,P18,U18,Z18),"-") -> -
B19: Henrique Viza | H19: P | I19: 3 | J19: 3 | K19: 7.7 | L19: F | M19: P | N19: 5 | O19: 1 | P19: 8.1 | Q19: F | R19: P | S19: 6 | T19: 0 | U19: 9.54 | W19: - | X19: - | Y19: - | Z19: - | AB19: =COUNTIF(C19:Z19,"P") -> 3 | AC19: =SUM(D19,I19,N19,S19,X19) -> 14 | AD19: =SUM(E19,J19,O19,T19,Y19) -> 4 | AE19: =SUM(AC19+AD19) -> 18 | AF19: =COUNTIF(G19:AA19,"F") -> 2 | AG19: =IFERROR(AVERAGE(F19,K19,P19,U19,Z19),"-") -> 8.4466667
B20: Jeferson Neves | AB20: =COUNTIF(C20:Z20,"P") -> 0 | AC20: =SUM(D20,I20,N20,S20,X20) -> 0 | AD20: =SUM(E20,J20,O20,T20,Y20) -> 0 | AE20: =SUM(AC20+AD20) -> 0 | AF20: =COUNTIF(G20:AA20,"F") -> 0 | AG20: =IFERROR(AVERAGE(F20,K20,P20,U20,Z20),"-") -> -
B21: João Victor - Bazim | C21: P | D21: 0 | E21: 0 | F21: 4.64 | M21: P | N21: 0 | O21: 0 | P21: 4.96 | R21: P | S21: 0 | T21: 0 | U21: 5.54 | W21: - | X21: - | Y21: - | Z21: - | AB21: =COUNTIF(C21:Z21,"P") -> 3 | AC21: =SUM(D21,I21,N21,S21,X21) -> 0 | AD21: =SUM(E21,J21,O21,T21,Y21) -> 0 | AE21: =SUM(AC21+AD21) -> 0 | AF21: =COUNTIF(G21:AA21,"F") -> 0 | AG21: =IFERROR(AVERAGE(F21,K21,P21,U21,Z21),"-") -> 5.0466667
B22: João Vitor Nunes | C22: P | D22: 3 | E22: 0 | F22: 5.54 | G22: F | H22: P | I22: 3 | J22: 0 | K22: 4.92 | M22: P | N22: 4 | O22: 0 | P22: 5.18 | R22: P | S22: 2 | T22: 0 | U22: 4.42 | W22: - | X22: - | Y22: - | Z22: - | AB22: =COUNTIF(C22:Z22,"P") -> 4 | AC22: =SUM(D22,I22,N22,S22,X22) -> 12 | AD22: =SUM(E22,J22,O22,T22,Y22) -> 0 | AE22: =SUM(AC22+AD22) -> 12 | AF22: =COUNTIF(G22:AA22,"F") -> 1 | AG22: =IFERROR(AVERAGE(F22,K22,P22,U22,Z22),"-") -> 5.015
B23: José Guilherme | W23: - | X23: - | Y23: - | Z23: - | AB23: =COUNTIF(C23:Z23,"P") -> 0 | AC23: =SUM(D23,I23,N23,S23,X23) -> 0 | AD23: =SUM(E23,J23,O23,T23,Y23) -> 0 | AE23: =SUM(AC23+AD23) -> 0 | AF23: =COUNTIF(G23:AA23,"F") -> 0 | AG23: =IFERROR(AVERAGE(F23,K23,P23,U23,Z23),"-") -> -
B24: Kyrius Barros | C24: P | D24: 1 | E24: 0 | F24: 5.52 | G24: F | H24: P | I24: 3 | J24: 0 | K24: 4.92 | W24: - | X24: - | Y24: - | Z24: - | AB24: =COUNTIF(C24:Z24,"P") -> 2 | AC24: =SUM(D24,I24,N24,S24,X24) -> 4 | AD24: =SUM(E24,J24,O24,T24,Y24) -> 0 | AE24: =SUM(AC24+AD24) -> 4 | AF24: =COUNTIF(G24:AA24,"F") -> 1 | AG24: =IFERROR(AVERAGE(F24,K24,P24,U24,Z24),"-") -> 5.22
B25: Leo Bitencourt | W25: - | X25: - | Y25: - | Z25: - | AB25: =COUNTIF(C25:Z25,"P") -> 0 | AC25: =SUM(D25,I25,N25,S25,X25) -> 0 | AD25: =SUM(E25,J25,O25,T25,Y25) -> 0 | AE25: =SUM(AC25+AD25) -> 0 | AF25: =COUNTIF(G25:AA25,"F") -> 0 | AG25: =IFERROR(AVERAGE(F25,K25,P25,U25,Z25),"-") -> -
B26: Leo Hubner | W26: - | X26: - | Y26: - | Z26: - | AB26: =COUNTIF(C26:Z26,"P") -> 0 | AC26: =SUM(D26,I26,N26,S26,X26) -> 0 | AD26: =SUM(E26,J26,O26,T26,Y26) -> 0 | AE26: =SUM(AC26+AD26) -> 0 | AF26: =COUNTIF(G26:AA26,"F") -> 0 | AG26: =IFERROR(AVERAGE(F26,K26,P26,U26,Z26),"-") -> -
B27: Leo Starling | C27: P | D27: 1 | E27: 0 | F27: 4.96 | H27: P | I27: 2 | J27: 0 | K27: 5.58 | M27: P | N27: 2 | O27: 1 | P27: 5.85 | R27: P | S27: 0 | T27: 0 | U27: 4.46 | W27: - | X27: - | Y27: - | Z27: - | AB27: =COUNTIF(C27:Z27,"P") -> 4 | AC27: =SUM(D27,I27,N27,S27,X27) -> 5 | AD27: =SUM(E27,J27,O27,T27,Y27) -> 1 | AE27: =SUM(AC27+AD27) -> 6 | AF27: =COUNTIF(G27:AA27,"F") -> 0 | AG27: =IFERROR(AVERAGE(F27,K27,P27,U27,Z27),"-") -> 5.2125
B28: Lucas Bertolace | AB28: =COUNTIF(C28:Z28,"P") -> 0 | AC28: =SUM(D28,I28,N28,S28,X28) -> 0 | AD28: =SUM(E28,J28,O28,T28,Y28) -> 0 | AE28: =SUM(AC28+AD28) -> 0 | AF28: =COUNTIF(G28:AA28,"F") -> 0 | AG28: =IFERROR(AVERAGE(F28,K28,P28,U28,Z28),"-") -> -
B29: Lucas Borela | W29: - | X29: - | Y29: - | Z29: - | AB29: =COUNTIF(C29:Z29,"P") -> 0 | AC29: =SUM(D29,I29,N29,S29,X29) -> 0 | AD29: =SUM(E29,J29,O29,T29,Y29) -> 0 | AE29: =SUM(AC29+AD29) -> 0 | AF29: =COUNTIF(G29:AA29,"F") -> 0 | AG29: =IFERROR(AVERAGE(F29,K29,P29,U29,Z29),"-") -> -
B30: Lucas Gama - Passarim | W30: - | X30: - | Y30: - | Z30: - | AB30: =COUNTIF(C30:Z30,"P") -> 0 | AC30: =SUM(D30,I30,N30,S30,X30) -> 0 | AD30: =SUM(E30,J30,O30,T30,Y30) -> 0 | AE30: =SUM(AC30+AD30) -> 0 | AF30: =COUNTIF(G30:AA30,"F") -> 0 | AG30: =IFERROR(AVERAGE(F30,K30,P30,U30,Z30),"-") -> -
B31: Lucas Leite - Coxinha | M31: P | N31: 2 | O31: 3 | P31: 5.6 | R31: P | S31: 0 | T31: 1 | U31: 5.88 | W31: - | X31: - | Y31: - | Z31: - | AB31: =COUNTIF(C31:Z31,"P") -> 2 | AC31: =SUM(D31,I31,N31,S31,X31) -> 2 | AD31: =SUM(E31,J31,O31,T31,Y31) -> 4 | AE31: =SUM(AC31+AD31) -> 6 | AF31: =COUNTIF(G31:AA31,"F") -> 0 | AG31: =IFERROR(AVERAGE(F31,K31,P31,U31,Z31),"-") -> 5.74
B32: Luis do Corte | AB32: =COUNTIF(C32:Z32,"P") -> 0 | AC32: =SUM(D32,I32,N32,S32,X32) -> 0 | AD32: =SUM(E32,J32,O32,T32,Y32) -> 0 | AE32: =SUM(AC32+AD32) -> 0 | AF32: =COUNTIF(G32:AA32,"F") -> 0 | AG32: =IFERROR(AVERAGE(F32,K32,P32,U32,Z32),"-") -> -
B33: Marcelo Castro | C33: P | D33: 2 | E33: 2 | F33: 7.18 | H33: P | I33: 2 | J33: 0 | K33: 6.8 | W33: - | X33: - | Y33: - | Z33: - | AB33: =COUNTIF(C33:Z33,"P") -> 2 | AC33: =SUM(D33,I33,N33,S33,X33) -> 4 | AD33: =SUM(E33,J33,O33,T33,Y33) -> 2 | AE33: =SUM(AC33+AD33) -> 6 | AF33: =COUNTIF(G33:AA33,"F") -> 0 | AG33: =IFERROR(AVERAGE(F33,K33,P33,U33,Z33),"-") -> 6.99
B34: Marco Antonio | C34: P | D34: 0 | E34: 0 | F34: 5.14 | H34: P | I34: 0 | J34: 0 | K34: 4.88 | M34: P | N34: 0 | O34: 1 | W34: - | X34: - | Y34: - | Z34: - | AB34: =COUNTIF(C34:Z34,"P") -> 3 | AC34: =SUM(D34,I34,N34,S34,X34) -> 0 | AD34: =SUM(E34,J34,O34,T34,Y34) -> 1 | AE34: =SUM(AC34+AD34) -> 1 | AF34: =COUNTIF(G34:AA34,"F") -> 0 | AG34: =IFERROR(AVERAGE(F34,K34,P34,U34,Z34),"-") -> 5.01
B35: Matheus Gomes | C35: P | D35: 0 | E35: 3 | F35: 5.18 | G35: F | M35: P | N35: 5 | O35: 3 | Q35: F | R35: P | S35: 1 | T35: 0 | U35: 5.34 | W35: - | X35: - | Y35: - | Z35: - | AB35: =COUNTIF(C35:Z35,"P") -> 3 | AC35: =SUM(D35,I35,N35,S35,X35) -> 6 | AD35: =SUM(E35,J35,O35,T35,Y35) -> 6 | AE35: =SUM(AC35+AD35) -> 12 | AF35: =COUNTIF(G35:AA35,"F") -> 2 | AG35: =IFERROR(AVERAGE(F35,K35,P35,U35,Z35),"-") -> 5.26
B36: Meurin | H36: P | I36: 0 | J36: 1 | K36: 5.08 | M36: P | N36: 0 | O36: 1 | P36: 4.9 | R36: P | S36: 1 | T36: 4 | U36: 6.46 | W36: - | X36: - | Y36: - | Z36: - | AB36: =COUNTIF(C36:Z36,"P") -> 3 | AC36: =SUM(D36,I36,N36,S36,X36) -> 1 | AD36: =SUM(E36,J36,O36,T36,Y36) -> 6 | AE36: =SUM(AC36+AD36) -> 7 | AF36: =COUNTIF(G36:AA36,"F") -> 0 | AG36: =IFERROR(AVERAGE(F36,K36,P36,U36,Z36),"-") -> 5.48
B37: Pablo Brandão | C37: P | D37: 0 | E37: 0 | F37: 4.6 | H37: P | I37: 1 | J37: 1 | K37: 6.42 | L37: F | M37: P | N37: 1 | O37: 0 | P37: 4.54 | R37: P | S37: 0 | T37: 1 | U37: 5.66 | V37: F | W37: - | X37: - | Y37: - | Z37: - | AB37: =COUNTIF(C37:Z37,"P") -> 4 | AC37: =SUM(D37,I37,N37,S37,X37) -> 2 | AD37: =SUM(E37,J37,O37,T37,Y37) -> 2 | AE37: =SUM(AC37+AD37) -> 4 | AF37: =COUNTIF(G37:AA37,"F") -> 2 | AG37: =IFERROR(AVERAGE(F37,K37,P37,U37,Z37),"-") -> 5.305
B38: Pedro Abreu | W38: - | X38: - | Y38: - | Z38: - | AB38: =COUNTIF(C38:Z38,"P") -> 0 | AC38: =SUM(D38,I38,N38,S38,X38) -> 0 | AD38: =SUM(E38,J38,O38,T38,Y38) -> 0 | AE38: =SUM(AC38+AD38) -> 0 | AF38: =COUNTIF(G38:AA38,"F") -> 0 | AG38: =IFERROR(AVERAGE(F38,K38,P38,U38,Z38),"-") -> -
B39: Pedro Chequer | C39: P | D39: 0 | E39: 0 | F39: 5.18 | G39: F | H39: P | I39: 1 | J39: 0 | K39: 5.26 | M39: P | N39: 0 | O39: 1 | P39: 5.22 | R39: P | S39: 0 | T39: 0 | U39: 4.38 | W39: - | X39: - | Y39: - | Z39: - | AB39: =COUNTIF(C39:Z39,"P") -> 4 | AC39: =SUM(D39,I39,N39,S39,X39) -> 1 | AD39: =SUM(E39,J39,O39,T39,Y39) -> 1 | AE39: =SUM(AC39+AD39) -> 2 | AF39: =COUNTIF(G39:AA39,"F") -> 1 | AG39: =IFERROR(AVERAGE(F39,K39,P39,U39,Z39),"-") -> 5.01
B40: Pedro Dias | C40: P | D40: 0 | E40: 0 | F40: 7.04 | H40: P | I40: 1 | J40: 4 | K40: 6.34 | M40: P | N40: 2 | O40: 3 | P40: 6.6 | Q40: F | R40: P | S40: 2 | T40: 2 | U40: 5.7 | W40: - | X40: - | Y40: - | Z40: - | AB40: =COUNTIF(C40:Z40,"P") -> 4 | AC40: =SUM(D40,I40,N40,S40,X40) -> 5 | AD40: =SUM(E40,J40,O40,T40,Y40) -> 9 | AE40: =SUM(AC40+AD40) -> 14 | AF40: =COUNTIF(G40:AA40,"F") -> 1 | AG40: =IFERROR(AVERAGE(F40,K40,P40,U40,Z40),"-") -> 6.42
B41: Pierre Paulo | C41: P | D41: 0 | E41: 1 | F41: 5.5 | H41: P | I41: 1 | J41: 1 | K41: 6.42 | L41: F | M41: P | N41: 0 | O41: 2 | P41: 5.82 | R41: P | S41: 0 | T41: 0 | U41: 5.7 | V41: F | W41: - | X41: - | Y41: - | Z41: - | AB41: =COUNTIF(C41:Z41,"P") -> 4 | AC41: =SUM(D41,I41,N41,S41,X41) -> 1 | AD41: =SUM(E41,J41,O41,T41,Y41) -> 4 | AE41: =SUM(AC41+AD41) -> 5 | AF41: =COUNTIF(G41:AA41,"F") -> 2 | AG41: =IFERROR(AVERAGE(F41,K41,P41,U41,Z41),"-") -> 5.86
B42: Rafael Mendes | C42: P | D42: 1 | E42: 1 | F42: 6.28 | G42: F | H42: P | I42: 2 | J42: 0 | K42: 6.26 | M42: P | N42: 4 | O42: 2 | P42: 6.86 | R42: P | S42: 1 | T42: 0 | U42: 6.08 | W42: - | X42: - | Y42: - | Z42: - | AB42: =COUNTIF(C42:Z42,"P") -> 4 | AC42: =SUM(D42,I42,N42,S42,X42) -> 8 | AD42: =SUM(E42,J42,O42,T42,Y42) -> 3 | AE42: =SUM(AC42+AD42) -> 11 | AF42: =COUNTIF(G42:AA42,"F") -> 1 | AG42: =IFERROR(AVERAGE(F42,K42,P42,U42,Z42),"-") -> 6.37
B43: Rafael Vasconcelos | H43: P | I43: 1 | J43: 1 | K43: 5.16 | L43: F | M43: P | N43: 0 | O43: 0 | P43: 4.54 | R43: P | S43: 0 | T43: 0 | U43: 4.58 | W43: - | X43: - | Y43: - | Z43: - | AB43: =COUNTIF(C43:Z43,"P") -> 3 | AC43: =SUM(D43,I43,N43,S43,X43) -> 1 | AD43: =SUM(E43,J43,O43,T43,Y43) -> 1 | AE43: =SUM(AC43+AD43) -> 2 | AF43: =COUNTIF(G43:AA43,"F") -> 1 | AG43: =IFERROR(AVERAGE(F43,K43,P43,U43,Z43),"-") -> 4.76
B44: Raphael Ambrosio | C44: P | D44: 0 | E44: 0 | F44: 4.5 | H44: P | I44: 0 | J44: 1 | K44: 5.42 | M44: P | N44: 0 | O44: 2 | P44: 4.5 | W44: - | X44: - | Y44: - | Z44: - | AB44: =COUNTIF(C44:Z44,"P") -> 3 | AC44: =SUM(D44,I44,N44,S44,X44) -> 0 | AD44: =SUM(E44,J44,O44,T44,Y44) -> 3 | AE44: =SUM(AC44+AD44) -> 3 | AF44: =COUNTIF(G44:AA44,"F") -> 0 | AG44: =IFERROR(AVERAGE(F44,K44,P44,U44,Z44),"-") -> 4.8066667
B45: Reinaldo Santana | C45: P | D45: 0 | E45: 0 | F45: 5 | H45: P | I45: 0 | J45: 0 | K45: 4.92 | W45: - | X45: - | Y45: - | Z45: - | AB45: =COUNTIF(C45:Z45,"P") -> 2 | AC45: =SUM(D45,I45,N45,S45,X45) -> 0 | AD45: =SUM(E45,J45,O45,T45,Y45) -> 0 | AE45: =SUM(AC45+AD45) -> 0 | AF45: =COUNTIF(G45:AA45,"F") -> 0 | AG45: =IFERROR(AVERAGE(F45,K45,P45,U45,Z45),"-") -> 4.96
B46: Ricardo Marchesini (GK) | C46: P | D46: 0 | E46: 0 | F46: 5.64 | H46: P | I46: 0 | J46: 0 | K46: 6.2 | M46: P | N46: 0 | O46: 0 | P46: 6 | Q46: F | W46: - | X46: - | Y46: - | Z46: - | AB46: =COUNTIF(C46:Z46,"P") -> 3 | AC46: =SUM(D46,I46,N46,S46,X46) -> 0 | AD46: =SUM(E46,J46,O46,T46,Y46) -> 0 | AE46: =SUM(AC46+AD46) -> 0 | AF46: =COUNTIF(G46:AA46,"F") -> 1 | AG46: =IFERROR(AVERAGE(F46,K46,P46,U46,Z46),"-") -> 5.9466667
B47: Ruan Amorim | C47: P | D47: 1 | E47: 0 | F47: 5 | H47: P | I47: 1 | J47: 0 | K47: 5.12 | M47: P | N47: 0 | O47: 1 | P47: 5.86 | Q47: F | R47: P | S47: 0 | T47: 0 | U47: 5.62 | W47: - | X47: - | Y47: - | Z47: - | AB47: =COUNTIF(C47:Z47,"P") -> 4 | AC47: =SUM(D47,I47,N47,S47,X47) -> 2 | AD47: =SUM(E47,J47,O47,T47,Y47) -> 1 | AE47: =SUM(AC47+AD47) -> 3 | AF47: =COUNTIF(G47:AA47,"F") -> 1 | AG47: =IFERROR(AVERAGE(F47,K47,P47,U47,Z47),"-") -> 5.4
B48: Salomão Charbel | AB48: =COUNTIF(C48:Z48,"P") -> 0 | AC48: =SUM(D48,I48,N48,S48,X48) -> 0 | AD48: =SUM(E48,J48,O48,T48,Y48) -> 0 | AE48: =SUM(AC48+AD48) -> 0 | AF48: =COUNTIF(G48:AA48,"F") -> 0 | AG48: =IFERROR(AVERAGE(F48,K48,P48,U48,Z48),"-") -> -
B49: Thiago Amorim - Caputira | R49: P | S49: 0 | T49: 2 | U49: 7.16 | W49: - | X49: - | Y49: - | Z49: - | AB49: =COUNTIF(C49:Z49,"P") -> 1 | AC49: =SUM(D49,I49,N49,S49,X49) -> 0 | AD49: =SUM(E49,J49,O49,T49,Y49) -> 2 | AE49: =SUM(AC49+AD49) -> 2 | AF49: =COUNTIF(G49:AA49,"F") -> 0 | AG49: =IFERROR(AVERAGE(F49,K49,P49,U49,Z49),"-") -> 7.16
B50: Wanderson Santiago | M50: P | N50: 1 | O50: 0 | P50: 5.54 | W50: - | X50: - | Y50: - | Z50: - | AB50: =COUNTIF(C50:Z50,"P") -> 1 | AC50: =SUM(D50,I50,N50,S50,X50) -> 1 | AD50: =SUM(E50,J50,O50,T50,Y50) -> 0 | AE50: =SUM(AC50+AD50) -> 1 | AF50: =COUNTIF(G50:AA50,"F") -> 0 | AG50: =IFERROR(AVERAGE(F50,K50,P50,U50,Z50),"-") -> 5.54
B51: Wellington Leite | AB51: =COUNTIF(C51:Z51,"P") -> 0 | AC51: =SUM(D51,I51,N51,S51,X51) -> 0 | AD51: =SUM(E51,J51,O51,T51,Y51) -> 0 | AE51: =SUM(AC51+AD51) -> 0 | AF51: =COUNTIF(G51:AA51,"F") -> 0 | AG51: =IFERROR(AVERAGE(F51,K51,P51,U51,Z51),"-") -> -
B52: Yamam Fagundes | AB52: =COUNTIF(C52:Z52,"P") -> 0 | AC52: =SUM(D52,I52,N52,S52,X52) -> 0 | AD52: =SUM(E52,J52,O52,T52,Y52) -> 0 | AE52: =SUM(AC52+AD52) -> 0 | AF52: =COUNTIF(G52:AA52,"F") -> 0 | AG52: =IFERROR(AVERAGE(F52,K52,P52,U52,Z52),"-") -> -

Sheet MAR
B1: PELADA DA RESENHA - TERÇA 20H
B3: JOGADOR | C3: 45720 | H3: =C3+7 -> 45727 | M3: =H3+7 -> 45734 | R3: =M3+7 -> 45741 | W3: - | AB3: PRESENÇA | AC3: GOLS TOTAIS | AD3: ASSIST TOTAIS | AE3: G+A | AG3: MÉDIA TOTAL
C4: PRESENTE | D4: GOL | E4: ASSIST | F4: NOTA | H4: PRESENTE | I4: GOL | J4: ASSIST | K4: NOTA | M4: PRESENTE | N4: GOL | O4: ASSIST | P4: NOTA | R4: PRESENTE | S4: GOL | T4: ASSIST | U4: NOTA | W4: PRESENTE | X4: GOL | Y4: ASSIST | Z4: NOTA
B5: Alberto Henrique | L5: F | M5: P | N5: 4 | O5: 2 | P5: 7.4 | Q5: F | W5: - | X5: - | Y5: - | Z5: - | AB5: =COUNTIF(C5:Z5,"P") -> 1 | AC5: =SUM(D5,I5,N5,S5,X5) -> 4 | AD5: =SUM(E5,J5,O5,T5,Y5) -> 2 | AE5: =SUM(AC5+AD5) -> 6 | AF5: =COUNTIF(G5:AA5,"F") -> 2 | AG5: =IFERROR(AVERAGE(F5,K5,P5,U5,Z5),"-") -> 7.4
B6: Allan Borela | C6: P | D6: 0 | E6: 0 | F6: 5 | G6: F | M6: P | N6: 0 | O6: 2 | P6: 6.34 | Q6: F | R6: P | S6: 1 | T6: 2 | U6: 5.94 | W6: - | X6: - | Y6: - | Z6: - | AB6: =COUNTIF(C6:Z6,"P") -> 3 | AC6: =SUM(D6,I6,N6,S6,X6) -> 1 | AD6: =SUM(E6,J6,O6,T6,Y6) -> 4 | AE6: =SUM(AC6+AD6) -> 5 | AF6: =COUNTIF(G6:AA6,"F") -> 2 | AG6: =IFERROR(AVERAGE(F6,K6,P6,U6,Z6),"-") -> 5.76
B7: Breno (GK) | C7: P | D7: 0 | E7: 0 | F7: 6.64 | G7: F | H7: P | I7: 0 | J7: 0 | K7: 6.4 | R7: P | S7: 0 | T7: 0 | U7: 7.8 | V7: F | W7: - | X7: - | Y7: - | Z7: - | AB7: =COUNTIF(C7:Z7,"P") -> 3 | AC7: =SUM(D7,I7,N7,S7,X7) -> 0 | AD7: =SUM(E7,J7,O7,T7,Y7) -> 0 | AE7: =SUM(AC7+AD7) -> 0 | AF7: =COUNTIF(G7:AA7,"F") -> 2 | AG7: =IFERROR(AVERAGE(F7,K7,P7,U7,Z7),"-") -> 6.9466667
B8: Daniel Medeiros (GK) | W8: - | X8: - | Y8: - | Z8: - | AB8: =COUNTIF(C8:Z8,"P") -> 0 | AC8: =SUM(D8,I8,N8,S8,X8) -> 0 | AD8: =SUM(E8,J8,O8,T8,Y8) -> 0 | AE8: =SUM(AC8+AD8) -> 0 | AF8: =COUNTIF(G8:AA8,"F") -> 0 | AG8: =IFERROR(AVERAGE(F8,K8,P8,U8,Z8),"-") -> -
B9: David Melo | H9: P | I9: 1 | J9: 0 | K9: 5.4 | M9: P | N9: 0 | O9: 0 | P9: 4.66 | W9: - | X9: - | Y9: - | Z9: - | AB9: =COUNTIF(C9:Z9,"P") -> 2 | AC9: =SUM(D9,I9,N9,S9,X9) -> 1 | AD9: =SUM(E9,J9,O9,T9,Y9) -> 0 | AE9: =SUM(AC9+AD9) -> 1 | AF9: =COUNTIF(G9:AA9,"F") -> 0 | AG9: =IFERROR(AVERAGE(F9,K9,P9,U9,Z9),"-") -> 5.03
B10: Douglas DG (GK) | W10: - | X10: - | Y10: - | Z10: - | AB10: =COUNTIF(C10:Z10,"P") -> 0 | AC10: =SUM(D10,I10,N10,S10,X10) -> 0 | AD10: =SUM(E10,J10,O10,T10,Y10) -> 0 | AE10: =SUM(AC10+AD10) -> 0 | AF10: =COUNTIF(G10:AA10,"F") -> 0 | AG10: =IFERROR(AVERAGE(F10,K10,P10,U10,Z10),"-") -> -
B11: Felipe Horsts | H11: P | I11: 3 | J11: 1 | K11: 7.48 | L11: F | M11: P | N11: 0 | O11: 0 | P11: 7.52 | Q11: F | W11: - | X11: - | Y11: - | Z11: - | AB11: =COUNTIF(C11:Z11,"P") -> 2 | AC11: =SUM(D11,I11,N11,S11,X11) -> 3 | AD11: =SUM(E11,J11,O11,T11,Y11) -> 1 | AE11: =SUM(AC11+AD11) -> 4 | AF11: =COUNTIF(G11:AA11,"F") -> 2 | AG11: =IFERROR(AVERAGE(F11,K11,P11,U11,Z11),"-") -> 7.5
B12: Gabriel Andrade | H12: P | I12: 2 | J12: 0 | K12: 6.96 | M12: P | N12: 2 | O12: 2 | P12: 6.86 | W12: - | X12: - | Y12: - | Z12: - | AB12: =COUNTIF(C12:Z12,"P") -> 2 | AC12: =SUM(D12,I12,N12,S12,X12) -> 4 | AD12: =SUM(E12,J12,O12,T12,Y12) -> 2 | AE12: =SUM(AC12+AD12) -> 6 | AF12: =COUNTIF(G12:AA12,"F") -> 0 | AG12: =IFERROR(AVERAGE(F12,K12,P12,U12,Z12),"-") -> 6.91
B13: Gabriel Castro | C13: P | D13: 0 | E13: 1 | F13: 4 | H13: P | I13: 0 | J13: 1 | K13: 5.52 | R13: P | S13: 4 | T13: 0 | U13: 6.94 | W13: - | X13: - | Y13: - | Z13: - | AB13: =COUNTIF(C13:Z13,"P") -> 3 | AC13: =SUM(D13,I13,N13,S13,X13) -> 4 | AD13: =SUM(E13,J13,O13,T13,Y13) -> 2 | AE13: =SUM(AC13+AD13) -> 6 | AF13: =COUNTIF(G13:AA13,"F") -> 0 | AG13: =IFERROR(AVERAGE(F13,K13,P13,U13,Z13),"-") -> 5.4866667
B14: Gabriel Cosendey | H14: P | I14: 2 | J14: 0 | K14: 7 | W14: - | X14: - | Y14: - | Z14: - | AB14: =COUNTIF(C14:Z14,"P") -> 1 | AC14: =SUM(D14,I14,N14,S14,X14) -> 2 | AD14: =SUM(E14,J14,O14,T14,Y14) -> 0 | AE14: =SUM(AC14+AD14) -> 2 | AF14: =COUNTIF(G14:AA14,"F") -> 0 | AG14: =IFERROR(AVERAGE(F14,K14,P14,U14,Z14),"-") -> 7
B15: Gabriel Teixeira | AB15: =COUNTIF(C15:Z15,"P") -> 0 | AC15: =SUM(D15,I15,N15,S15,X15) -> 0 | AD15: =SUM(E15,J15,O15,T15,Y15) -> 0 | AE15: =SUM(AC15+AD15) -> 0 | AF15: =COUNTIF(G15:AA15,"F") -> 0 | AG15: =IFERROR(AVERAGE(F15,K15,P15,U15,Z15),"-") -> -
B16: Guilherme Santos (GK) | C16: P | D16: 0 | E16: 0 | F16: 7 | H16: P | I16: 0 | J16: 0 | K16: 5.34 | M16: P | N16: 0 | O16: 0 | P16: 5.1 | R16: P | S16: 0 | T16: 2 | U16: 6.78 | W16: - | X16: - | Y16: - | Z16: - | AB16: =COUNTIF(C16:Z16,"P") -> 4 | AC16: =SUM(D16,I16,N16,S16,X16) -> 0 | AD16: =SUM(E16,J16,O16,T16,Y16) -> 2 | AE16: =SUM(AC16+AD16) -> 2 | AF16: =COUNTIF(G16:AA16,"F") -> 0 | AG16: =IFERROR(AVERAGE(F16,K16,P16,U16,Z16),"-") -> 6.055
B17: Gustavo Bumbum (GK) | C17: P | D17: 0 | E17: 0 | F17: 6.14 | W17: - | X17: - | Y17: - | Z17: - | AB17: =COUNTIF(C17:Z17,"P") -> 1 | AC17: =SUM(D17,I17,N17,S17,X17) -> 0 | AD17: =SUM(E17,J17,O17,T17,Y17) -> 0 | AE17: =SUM(AC17+AD17) -> 0 | AF17: =COUNTIF(G17:AA17,"F") -> 0 | AG17: =IFERROR(AVERAGE(F17,K17,P17,U17,Z17),"-") -> 6.14
B18: Gustavo Gomes | W18: - | X18: - | Y18: - | Z18: - | AB18: =COUNTIF(C18:Z18,"P") -> 0 | AC18: =SUM(D18,I18,N18,S18,X18) -> 0 | AD18: =SUM(E18,J18,O18,T18,Y18) -> 0 | AE18: =SUM(AC18+AD18) -> 0 | AF18: =COUNTIF(G18:AA18,"F") -> 0 | AG18: =IFERROR(AVERAGE(F18,K18,P18,U18,Z18),"-") -> -
B19: Henrique Viza | H19: P | I19: 1 | J19: 0 | K19: 6.66 | M19: P | N19: 3 | O19: 0 | P19: 5.86 | V19: F | W19: - | X19: - | Y19: - | Z19: - | AB19: =COUNTIF(C19:Z19,"P") -> 2 | AC19: =SUM(D19,I19,N19,S19,X19) -> 4 | AD19: =SUM(E19,J19,O19,T19,Y19) -> 0 | AE19: =SUM(AC19+AD19) -> 4 | AF19: =COUNTIF(G19:AA19,"F") -> 1 | AG19: =IFERROR(AVERAGE(F19,K19,P19,U19,Z19),"-") -> 6.26
B20: Jeferson Neves | AB20: =COUNTIF(C20:Z20,"P") -> 0 | AC20: =SUM(D20,I20,N20,S20,X20) -> 0 | AD20: =SUM(E20,J20,O20,T20,Y20) -> 0 | AE20: =SUM(AC20+AD20) -> 0 | AF20: =COUNTIF(G20:AA20,"F") -> 0 | AG20: =IFERROR(AVERAGE(F20,K20,P20,U20,Z20),"-") -> -
B21: João Victor - Bazim | M21: P | N21: 1 | O21: 1 | P21: 6.48 | Q21: F | R21: P | S21: 1 | T21: 1 | U21: 4.84 | W21: - | X21: - | Y21: - | Z21: - | AB21: =COUNTIF(C21:Z21,"P") -> 2 | AC21: =SUM(D21,I21,N21,S21,X21) -> 2 | AD21: =SUM(E21,J21,O21,T21,Y21) -> 2 | AE21: =SUM(AC21+AD21) -> 4 | AF21: =COUNTIF(G21:AA21,"F") -> 1 | AG21: =IFERROR(AVERAGE(F21,K21,P21,U21,Z21),"-") -> 5.66
B22: João Vitor Nunes | C22: P | D22: 1 | E22: 0 | F22: 4.38 | H22: P | I22: 1 | J22: 0 | K22: 4.96 | M22: P | N22: 2 | O22: 1 | P22: 4.78 | R22: P | S22: 1 | T22: 2 | U22: 4.94 | V22: F | W22: - | X22: - | Y22: - | Z22: - | AB22: =COUNTIF(C22:Z22,"P") -> 4 | AC22: =SUM(D22,I22,N22,S22,X22) -> 5 | AD22: =SUM(E22,J22,O22,T22,Y22) -> 3 | AE22: =SUM(AC22+AD22) -> 8 | AF22: =COUNTIF(G22:AA22,"F") -> 1 | AG22: =IFERROR(AVERAGE(F22,K22,P22,U22,Z22),"-") -> 4.765
B23: José Guilherme | W23: - | X23: - | Y23: - | Z23: - | AB23: =COUNTIF(C23:Z23,"P") -> 0 | AC23: =SUM(D23,I23,N23,S23,X23) -> 0 | AD23: =SUM(E23,J23,O23,T23,Y23) -> 0 | AE23: =SUM(AC23+AD23) -> 0 | AF23: =COUNTIF(G23:AA23,"F") -> 0 | AG23: =IFERROR(AVERAGE(F23,K23,P23,U23,Z23),"-") -> -
B24: Kyrius Barros | C24: P | D24: 2 | E24: 0 | F24: 6.36 | M24: P | N24: 0 | O24: 1 | P24: 2.84 | W24: - | X24: - | Y24: - | Z24: - | AB24: =COUNTIF(C24:Z24,"P") -> 2 | AC24: =SUM(D24,I24,N24,S24,X24) -> 2 | AD24: =SUM(E24,J24,O24,T24,Y24) -> 1 | AE24: =SUM(AC24+AD24) -> 3 | AF24: =COUNTIF(G24:AA24,"F") -> 0 | AG24: =IFERROR(AVERAGE(F24,K24,P24,U24,Z24),"-") -> 4.6
B25: Leo Bitencourt | W25: - | X25: - | Y25: - | Z25: - | AB25: =COUNTIF(C25:Z25,"P") -> 0 | AC25: =SUM(D25,I25,N25,S25,X25) -> 0 | AD25: =SUM(E25,J25,O25,T25,Y25) -> 0 | AE25: =SUM(AC25+AD25) -> 0 | AF25: =COUNTIF(G25:AA25,"F") -> 0 | AG25: =IFERROR(AVERAGE(F25,K25,P25,U25,Z25),"-") -> -
B26: Leo Hubner | W26: - | X26: - | Y26: - | Z26: - | AB26: =COUNTIF(C26:Z26,"P") -> 0 | AC26: =SUM(D26,I26,N26,S26,X26) -> 0 | AD26: =SUM(E26,J26,O26,T26,Y26) -> 0 | AE26: =SUM(AC26+AD26) -> 0 | AF26: =COUNTIF(G26:AA26,"F") -> 0 | AG26: =IFERROR(AVERAGE(F26,K26,P26,U26,Z26),"-") -> -
B27: Leo Starling | H27: P | I27: 2 | J27: 1 | K27: 6.4 | L27: F | M27: P | N27: 0 | O27: 0 | P27: 4.12 | W27: - | X27: - | Y27: - | Z27: - | AB27: =COUNTIF(C27:Z27,"P") -> 2 | AC27: =SUM(D27,I27,N27,S27,X27) -> 2 | AD27: =SUM(E27,J27,O27,T27,Y27) -> 1 | AE27: =SUM(AC27+AD27) -> 3 | AF27: =COUNTIF(G27:AA27,"F") -> 1 | AG27: =IFERROR(AVERAGE(F27,K27,P27,U27,Z27),"-") -> 5.26
B28: Lucas Bertolace | AB28: =COUNTIF(C28:Z28,"P") -> 0 | AC28: =SUM(D28,I28,N28,S28,X28) -> 0 | AD28: =SUM(E28,J28,O28,T28,Y28) -> 0 | AE28: =SUM(AC28+AD28) -> 0 | AF28: =COUNTIF(G28:AA28,"F") -> 0 | AG28: =IFERROR(AVERAGE(F28,K28,P28,U28,Z28),"-") -> -
B29: Lucas Borela | R29: P | S29: 0 | T29: 2 | U29: 4.06 | W29: - | X29: - | Y29: - | Z29: - | AB29: =COUNTIF(C29:Z29,"P") -> 1 | AC29: =SUM(D29,I29,N29,S29,X29) -> 0 | AD29: =SUM(E29,J29,O29,T29,Y29) -> 2 | AE29: =SUM(AC29+AD29) -> 2 | AF29: =COUNTIF(G29:AA29,"F") -> 0 | AG29: =IFERROR(AVERAGE(F29,K29,P29,U29,Z29),"-") -> 4.06
B30: Lucas Gama - Passarim | W30: - | X30: - | Y30: - | Z30: - | AB30: =COUNTIF(C30:Z30,"P") -> 0 | AC30: =SUM(D30,I30,N30,S30,X30) -> 0 | AD30: =SUM(E30,J30,O30,T30,Y30) -> 0 | AE30: =SUM(AC30+AD30) -> 0 | AF30: =COUNTIF(G30:AA30,"F") -> 0 | AG30: =IFERROR(AVERAGE(F30,K30,P30,U30,Z30),"-") -> -
B31: Lucas Leite - Coxinha | C31: P | D31: 1 | E31: 0 | F31: 5.16 | H31: P | I31: 1 | J31: 0 | K31: 5.78 | M31: P | N31: 0 | O31: 0 | P31: 4.92 | R31: P | S31: 1 | T31: 0 | U31: 4.48 | W31: - | X31: - | Y31: - | Z31: - | AB31: =COUNTIF(C31:Z31,"P") -> 4 | AC31: =SUM(D31,I31,N31,S31,X31) -> 3 | AD31: =SUM(E31,J31,O31,T31,Y31) -> 0 | AE31: =SUM(AC31+AD31) -> 3 | AF31: =COUNTIF(G31:AA31,"F") -> 0 | AG31: =IFERROR(AVERAGE(F31,K31,P31,U31,Z31),"-") -> 5.085
B32: Luis do Corte | AB32: =COUNTIF(C32:Z32,"P") -> 0 | AC32: =SUM(D32,I32,N32,S32,X32) -> 0 | AD32: =SUM(E32,J32,O32,T32,Y32) -> 0 | AE32: =SUM(AC32+AD32) -> 0 | AF32: =COUNTIF(G32:AA32,"F") -> 0 | AG32: =IFERROR(AVERAGE(F32,K32,P32,U32,Z32),"-") -> -
B33: Marcelo Castro | W33: - | X33: - | Y33: - | Z33: - | AB33: =COUNTIF(C33:Z33,"P") -> 0 | AC33: =SUM(D33,I33,N33,S33,X33) -> 0 | AD33: =SUM(E33,J33,O33,T33,Y33) -> 0 | AE33: =SUM(AC33+AD33) -> 0 | AF33: =COUNTIF(G33:AA33,"F") -> 0 | AG33: =IFERROR(AVERAGE(F33,K33,P33,U33,Z33),"-") -> -
B34: Marco Antonio | H34: P | I34: 0 | J34: 0 | K34: 5.22 | M34: P | N34: 0 | O34: 0 | P34: 5 | R34: P | S34: 2 | T34: 1 | U34: 5.94 | V34: F | W34: - | X34: - | Y34: - | Z34: - | AB34: =COUNTIF(C34:Z34,"P") -> 3 | AC34: =SUM(D34,I34,N34,S34,X34) -> 2 | AD34: =SUM(E34,J34,O34,T34,Y34) -> 1 | AE34: =SUM(AC34+AD34) -> 3 | AF34: =COUNTIF(G34:AA34,"F") -> 1 | AG34: =IFERROR(AVERAGE(F34,K34,P34,U34,Z34),"-") -> 5.3866667
B35: Matheus Gomes | C35: P | D35: 4 | E35: 1 | F35: 6.7 | G35: F | H35: P | I35: 1 | J35: 0 | K35: 5.14 | M35: P | N35: 1 | O35: 1 | P35: 3.48 | R35: P | S35: 5 | T35: 1 | U35: 6.78 | W35: - | X35: - | Y35: - | Z35: - | AB35: =COUNTIF(C35:Z35,"P") -> 4 | AC35: =SUM(D35,I35,N35,S35,X35) -> 11 | AD35: =SUM(E35,J35,O35,T35,Y35) -> 3 | AE35: =SUM(AC35+AD35) -> 14 | AF35: =COUNTIF(G35:AA35,"F") -> 1 | AG35: =IFERROR(AVERAGE(F35,K35,P35,U35,Z35),"-") -> 5.525
B36: Meurin | H36: P | I36: 2 | J36: 1 | K36: 8.34 | L36: F | M36: P | N36: 0 | O36: 2 | P36: 4.7 | R36: P | S36: 2 | T36: 1 | U36: 6.32 | V36: F | W36: - | X36: - | Y36: - | Z36: - | AB36: =COUNTIF(C36:Z36,"P") -> 3 | AC36: =SUM(D36,I36,N36,S36,X36) -> 4 | AD36: =SUM(E36,J36,O36,T36,Y36) -> 4 | AE36: =SUM(AC36+AD36) -> 8 | AF36: =COUNTIF(G36:AA36,"F") -> 2 | AG36: =IFERROR(AVERAGE(F36,K36,P36,U36,Z36),"-") -> 6.4533333
B37: Pablo Brandão | C37: P | D37: 0 | E37: 0 | F37: 4.84 | H37: P | I37: 0 | J37: 0 | K37: 5.04 | M37: P | N37: 0 | O37: 1 | P37: 5.66 | R37: P | S37: 0 | T37: 0 | U37: 4.94 | W37: - | X37: - | Y37: - | Z37: - | AB37: =COUNTIF(C37:Z37,"P") -> 4 | AC37: =SUM(D37,I37,N37,S37,X37) -> 0 | AD37: =SUM(E37,J37,O37,T37,Y37) -> 1 | AE37: =SUM(AC37+AD37) -> 1 | AF37: =COUNTIF(G37:AA37,"F") -> 0 | AG37: =IFERROR(AVERAGE(F37,K37,P37,U37,Z37),"-") -> 5.12
B38: Pedro Abreu | W38: - | X38: - | Y38: - | Z38: - | AB38: =COUNTIF(C38:Z38,"P") -> 0 | AC38: =SUM(D38,I38,N38,S38,X38) -> 0 | AD38: =SUM(E38,J38,O38,T38,Y38) -> 0 | AE38: =SUM(AC38+AD38) -> 0 | AF38: =COUNTIF(G38:AA38,"F") -> 0 | AG38: =IFERROR(AVERAGE(F38,K38,P38,U38,Z38),"-") -> -
B39: Pedro Chequer | C39: P | D39: 0 | E39: 0 | F39: 5 | R39: P | S39: 0 | T39: 0 | U39: 5.06 | V39: F | W39: - | X39: - | Y39: - | Z39: - | AB39: =COUNTIF(C39:Z39,"P") -> 2 | AC39: =SUM(D39,I39,N39,S39,X39) -> 0 | AD39: =SUM(E39,J39,O39,T39,Y39) -> 0 | AE39: =SUM(AC39+AD39) -> 0 | AF39: =COUNTIF(G39:AA39,"F") -> 1 | AG39: =IFERROR(AVERAGE(F39,K39,P39,U39,Z39),"-") -> 5.03
B40: Pedro Dias | C40: P | D40: 2 | E40: 3 | F40: 7.08 | H40: P | I40: 0 | J40: 2 | K40: 6.3 | M40: P | N40: 1 | O40: 0 | P40: 5.92 | R40: P | S40: 1 | T40: 1 | U40: 5 | W40: - | X40: - | Y40: - | Z40: - | AB40: =COUNTIF(C40:Z40,"P") -> 4 | AC40: =SUM(D40,I40,N40,S40,X40) -> 4 | AD40: =SUM(E40,J40,O40,T40,Y40) -> 6 | AE40: =SUM(AC40+AD40) -> 10 | AF40: =COUNTIF(G40:AA40,"F") -> 0 | AG40: =IFERROR(AVERAGE(F40,K40,P40,U40,Z40),"-") -> 6.075
B41: Pierre Paulo | C41: P | D41: 1 | E41: 1 | F41: 5.76 | H41: P | I41: 1 | J41: 1 | K41: 6.04 | M41: P | N41: 1 | O41: 1 | P41: 6.44 | Q41: F | R41: P | S41: 1 | T41: 0 | U41: 6 | V41: F | W41: - | X41: - | Y41: - | Z41: - | AB41: =COUNTIF(C41:Z41,"P") -> 4 | AC41: =SUM(D41,I41,N41,S41,X41) -> 4 | AD41: =SUM(E41,J41,O41,T41,Y41) -> 3 | AE41: =SUM(AC41+AD41) -> 7 | AF41: =COUNTIF(G41:AA41,"F") -> 2 | AG41: =IFERROR(AVERAGE(F41,K41,P41,U41,Z41),"-") -> 6.06
B42: Rafael Mendes | M42: P | N42: 3 | O42: 1 | P42: 6 | R42: P | S42: 0 | T42: 1 | U42: 6.26 | W42: - | X42: - | Y42: - | Z42: - | AB42: =COUNTIF(C42:Z42,"P") -> 2 | AC42: =SUM(D42,I42,N42,S42,X42) -> 3 | AD42: =SUM(E42,J42,O42,T42,Y42) -> 2 | AE42: =SUM(AC42+AD42) -> 5 | AF42: =COUNTIF(G42:AA42,"F") -> 0 | AG42: =IFERROR(AVERAGE(F42,K42,P42,U42,Z42),"-") -> 6.13
B43: Rafael Vasconcelos | H43: P | I43: 0 | J43: 0 | K43: 5.18 | L43: F | W43: - | X43: - | Y43: - | Z43: - | AB43: =COUNTIF(C43:Z43,"P") -> 1 | AC43: =SUM(D43,I43,N43,S43,X43) -> 0 | AD43: =SUM(E43,J43,O43,T43,Y43) -> 0 | AE43: =SUM(AC43+AD43) -> 0 | AF43: =COUNTIF(G43:AA43,"F") -> 1 | AG43: =IFERROR(AVERAGE(F43,K43,P43,U43,Z43),"-") -> 5.18
B44: Raphael Ambrosio | W44: - | X44: - | Y44: - | Z44: - | AB44: =COUNTIF(C44:Z44,"P") -> 0 | AC44: =SUM(D44,I44,N44,S44,X44) -> 0 | AD44: =SUM(E44,J44,O44,T44,Y44) -> 0 | AE44: =SUM(AC44+AD44) -> 0 | AF44: =COUNTIF(G44:AA44,"F") -> 0 | AG44: =IFERROR(AVERAGE(F44,K44,P44,U44,Z44),"-") -> -
B45: Reinaldo Santana | C45: P | D45: 0 | E45: 0 | F45: 4.62 | H45: P | I45: 0 | J45: 0 | K45: 4.88 | M45: P | N45: 0 | O45: 1 | P45: 5.82 | W45: - | X45: - | Y45: - | Z45: - | AB45: =COUNTIF(C45:Z45,"P") -> 3 | AC45: =SUM(D45,I45,N45,S45,X45) -> 0 | AD45: =SUM(E45,J45,O45,T45,Y45) -> 1 | AE45: =SUM(AC45+AD45) -> 1 | AF45: =COUNTIF(G45:AA45,"F") -> 0 | AG45: =IFERROR(AVERAGE(F45,K45,P45,U45,Z45),"-") -> 5.1066667
B46: Ricardo Marchesini (GK) | L46: F | M46: P | N46: 0 | O46: 0 | P46: 6 | Q46: F | R46: P | S46: 0 | T46: 0 | U46: 6.58 | W46: - | X46: - | Y46: - | Z46: - | AB46: =COUNTIF(C46:Z46,"P") -> 2 | AC46: =SUM(D46,I46,N46,S46,X46) -> 0 | AD46: =SUM(E46,J46,O46,T46,Y46) -> 0 | AE46: =SUM(AC46+AD46) -> 0 | AF46: =COUNTIF(G46:AA46,"F") -> 2 | AG46: =IFERROR(AVERAGE(F46,K46,P46,U46,Z46),"-") -> 6.29
B47: Ruan Amorim | C47: P | D47: 0 | E47: 1 | F47: 6 | G47: F | H47: P | I47: 0 | J47: 1 | K47: 6.04 | L47: F | M47: P | N47: 1 | O47: 1 | P47: 7.14 | Q47: F | R47: P | S47: 0 | T47: 1 | U47: 5.78 | W47: - | X47: - | Y47: - | Z47: - | AB47: =COUNTIF(C47:Z47,"P") -> 4 | AC47: =SUM(D47,I47,N47,S47,X47) -> 1 | AD47: =SUM(E47,J47,O47,T47,Y47) -> 4 | AE47: =SUM(AC47+AD47) -> 5 | AF47: =COUNTIF(G47:AA47,"F") -> 3 | AG47: =IFERROR(AVERAGE(F47,K47,P47,U47,Z47),"-") -> 6.24
B48: Salomão Charbel | AB48: =COUNTIF(C48:Z48,"P") -> 0 | AC48: =SUM(D48,I48,N48,S48,X48) -> 0 | AD48: =SUM(E48,J48,O48,T48,Y48) -> 0 | AE48: =SUM(AC48+AD48) -> 0 | AF48: =COUNTIF(G48:AA48,"F") -> 0 | AG48: =IFERROR(AVERAGE(F48,K48,P48,U48,Z48),"-") -> -
B49: Thiago Amorim - Caputira | C49: P | D49: 0 | E49: 0 | F49: 5.92 | W49: - | X49: - | Y49: - | Z49: - | AB49: =COUNTIF(C49:Z49,"P") -> 1 | AC49: =SUM(D49,I49,N49,S49,X49) -> 0 | AD49: =SUM(E49,J49,O49,T49,Y49) -> 0 | AE49: =SUM(AC49+AD49) -> 0 | AF49: =COUNTIF(G49:AA49,"F") -> 0 | AG49: =IFERROR(AVERAGE(F49,K49,P49,U49,Z49),"-") -> 5.92
B50: Wanderson Santiago | C50: P | D50: 3 | E50: 0 | F50: 6.62 | H50: P | I50: 2 | J50: 1 | K50: 6.04 | W50: - | X50: - | Y50: - | Z50: - | AB50: =COUNTIF(C50:Z50,"P") -> 2 | AC50: =SUM(D50,I50,N50,S50,X50) -> 5 | AD50: =SUM(E50,J50,O50,T50,Y50) -> 1 | AE50: =SUM(AC50+AD50) -> 6 | AF50: =COUNTIF(G50:AA50,"F") -> 0 | AG50: =IFERROR(AVERAGE(F50,K50,P50,U50,Z50),"-") -> 6.33
B51: Wellington Leite | AB51: =COUNTIF(C51:Z51,"P") -> 0 | AC51: =SUM(D51,I51,N51,S51,X51) -> 0 | AD51: =SUM(E51,J51,O51,T51,Y51) -> 0 | AE51: =SUM(AC51+AD51) -> 0 | AF51: =COUNTIF(G51:AA51,"F") -> 0 | AG51: =IFERROR(AVERAGE(F51,K51,P51,U51,Z51),"-") -> -
B52: Yamam Fagundes | AB52: =COUNTIF(C52:Z52,"P") -> 0 | AC52: =SUM(D52,I52,N52,S52,X52) -> 0 | AD52: =SUM(E52,J52,O52,T52,Y52) -> 0 | AE52: =SUM(AC52+AD52) -> 0 | AF52: =COUNTIF(G52:AA52,"F") -> 0 | AG52: =IFERROR(AVERAGE(F52,K52,P52,U52,Z52),"-") -> -

Sheet ABR
B1: PELADA DA RESENHA - TERÇA 20H
B3: JOGADOR | C3: 45748 | H3: =C3+7 -> 45755 | M3: =H3+7 -> 45762 | R3: =M3+7 -> 45769 | W3: =R3+7 -> 45776 | AB3: PRESENÇA | AC3: GOLS TOTAIS | AD3: ASSIST TOTAIS | AE3: G+A | AG3: MÉDIA TOTAL
C4: PRESENTE | D4: GOL | E4: ASSIST | F4: NOTA | H4: PRESENTE | I4: GOL | J4: ASSIST | K4: NOTA | M4: PRESENTE | N4: GOL | O4: ASSIST | P4: NOTA | R4: PRESENTE | S4: GOL | T4: ASSIST | U4: NOTA | W4: PRESENTE | X4: GOL | Y4: ASSIST | Z4: NOTA
B5: Alberto Henrique | C5: P | D5: 0 | E5: 0 | F5: 6.18 | H5: P | I5: 4 | J5: 0 | K5: 5.92 | W5: P | X5: 4 | Y5: 2 | Z5: 6.66 | AA5: F | AB5: =COUNTIF(C5:Z5,"P") -> 3 | AC5: =SUM(D5,I5,N5,S5,X5) -> 8 | AD5: =SUM(E5,J5,O5,T5,Y5) -> 2 | AE5: =SUM(AC5+AD5) -> 10 | AF5: =COUNTIF(G5:AA5,"F") -> 1 | AG5: =IFERROR(AVERAGE(F5,K5,P5,U5,Z5),"-") -> 6.2533333
B6: Allan Borela | C6: P | D6: 0 | E6: 0 | F6: 5.42 | G6: F | AB6: =COUNTIF(C6:Z6,"P") -> 1 | AC6: =SUM(D6,I6,N6,S6,X6) -> 0 | AD6: =SUM(E6,J6,O6,T6,Y6) -> 0 | AE6: =SUM(AC6+AD6) -> 0 | AF6: =COUNTIF(G6:AA6,"F") -> 1 | AG6: =IFERROR(AVERAGE(F6,K6,P6,U6,Z6),"-") -> 5.42
B7: Breno (GK) | AB7: =COUNTIF(C7:Z7,"P") -> 0 | AC7: =SUM(D7,I7,N7,S7,X7) -> 0 | AD7: =SUM(E7,J7,O7,T7,Y7) -> 0 | AE7: =SUM(AC7+AD7) -> 0 | AF7: =COUNTIF(G7:AA7,"F") -> 0 | AG7: =IFERROR(AVERAGE(F7,K7,P7,U7,Z7),"-") -> -
B8: Daniel Medeiros (GK) | C8: P | D8: 0 | E8: 0 | F8: 4.84 | AB8: =COUNTIF(C8:Z8,"P") -> 1 | AC8: =SUM(D8,I8,N8,S8,X8) -> 0 | AD8: =SUM(E8,J8,O8,T8,Y8) -> 0 | AE8: =SUM(AC8+AD8) -> 0 | AF8: =COUNTIF(G8:AA8,"F") -> 0 | AG8: =IFERROR(AVERAGE(F8,K8,P8,U8,Z8),"-") -> 4.84
B9: David Melo | H9: P | I9: 2 | J9: 1 | K9: 5.64 | M9: P | N9: 3 | O9: 4 | P9: 6.06 | AB9: =COUNTIF(C9:Z9,"P") -> 2 | AC9: =SUM(D9,I9,N9,S9,X9) -> 5 | AD9: =SUM(E9,J9,O9,T9,Y9) -> 5 | AE9: =SUM(AC9+AD9) -> 10 | AF9: =COUNTIF(G9:AA9,"F") -> 0 | AG9: =IFERROR(AVERAGE(F9,K9,P9,U9,Z9),"-") -> 5.85
B10: Douglas DG (GK) | H10: P | I10: 0 | J10: 0 | K10: 6.4 | L10: F | R10: P | S10: 0 | T10: 0 | U10: 8.28 | V10: F | W10: P | X10: 0 | Y10: 0 | Z10: 8.06 | AA10: F | AB10: =COUNTIF(C10:Z10,"P") -> 3 | AC10: =SUM(D10,I10,N10,S10,X10) -> 0 | AD10: =SUM(E10,J10,O10,T10,Y10) -> 0 | AE10: =SUM(AC10+AD10) -> 0 | AF10: =COUNTIF(G10:AA10,"F") -> 3 | AG10: =IFERROR(AVERAGE(F10,K10,P10,U10,Z10),"-") -> 7.58
B11: Felipe Horsts | AB11: =COUNTIF(C11:Z11,"P") -> 0 | AC11: =SUM(D11,I11,N11,S11,X11) -> 0 | AD11: =SUM(E11,J11,O11,T11,Y11) -> 0 | AE11: =SUM(AC11+AD11) -> 0 | AF11: =COUNTIF(G11:AA11,"F") -> 0 | AG11: =IFERROR(AVERAGE(F11,K11,P11,U11,Z11),"-") -> -
B12: Gabriel Andrade | C12: P | D12: 1 | E12: 3 | F12: 6.76 | H12: P | I12: 3 | J12: 0 | K12: 6.92 | M12: P | N12: 2 | O12: 2 | P12: 7.12 | R12: P | S12: 4 | T12: 0 | U12: 7.72 | V12: F | AB12: =COUNTIF(C12:Z12,"P") -> 4 | AC12: =SUM(D12,I12,N12,S12,X12) -> 10 | AD12: =SUM(E12,J12,O12,T12,Y12) -> 5 | AE12: =SUM(AC12+AD12) -> 15 | AF12: =COUNTIF(G12:AA12,"F") -> 1 | AG12: =IFERROR(AVERAGE(F12,K12,P12,U12,Z12),"-") -> 7.13
B13: Gabriel Castro | C13: P | D13: 3 | E13: 1 | F13: 5.48 | H13: P | I13: 2 | J13: 2 | K13: 6.22 | L13: F | M13: P | N13: 1 | O13: 0 | P13: 4.8 | R13: P | S13: 3 | T13: 1 | U13: 6.64 | V13: F | W13: P | X13: 1 | Y13: 1 | Z13: 5.94 | AA13: F | AB13: =COUNTIF(C13:Z13,"P") -> 5 | AC13: =SUM(D13,I13,N13,S13,X13) -> 10 | AD13: =SUM(E13,J13,O13,T13,Y13) -> 5 | AE13: =SUM(AC13+AD13) -> 15 | AF13: =COUNTIF(G13:AA13,"F") -> 3 | AG13: =IFERROR(AVERAGE(F13,K13,P13,U13,Z13),"-") -> 5.816
B14: Gabriel Cosendey | R14: P | S14: 0 | T14: 0 | U14: 5.64 | W14: P | X14: 0 | Y14: 1 | Z14: 5.54 | AB14: =COUNTIF(C14:Z14,"P") -> 2 | AC14: =SUM(D14,I14,N14,S14,X14) -> 0 | AD14: =SUM(E14,J14,O14,T14,Y14) -> 1 | AE14: =SUM(AC14+AD14) -> 1 | AF14: =COUNTIF(G14:AA14,"F") -> 0 | AG14: =IFERROR(AVERAGE(F14,K14,P14,U14,Z14),"-") -> 5.59
B15: Gabriel Teixeira | AB15: =COUNTIF(C15:Z15,"P") -> 0 | AC15: =SUM(D15,I15,N15,S15,X15) -> 0 | AD15: =SUM(E15,J15,O15,T15,Y15) -> 0 | AE15: =SUM(AC15+AD15) -> 0 | AF15: =COUNTIF(G15:AA15,"F") -> 0 | AG15: =IFERROR(AVERAGE(F15,K15,P15,U15,Z15),"-") -> -
B16: Guilherme Santos (GK) | C16: P | D16: 0 | E16: 0 | F16: 6.36 | G16: F | M16: P | N16: 0 | O16: 0 | P16: 6.46 | Q16: F | R16: P | S16: 0 | T16: 0 | U16: 7.28 | W16: P | X16: 0 | Y16: 0 | Z16: 6 | AB16: =COUNTIF(C16:Z16,"P") -> 4 | AC16: =SUM(D16,I16,N16,S16,X16) -> 0 | AD16: =SUM(E16,J16,O16,T16,Y16) -> 0 | AE16: =SUM(AC16+AD16) -> 0 | AF16: =COUNTIF(G16:AA16,"F") -> 2 | AG16: =IFERROR(AVERAGE(F16,K16,P16,U16,Z16),"-") -> 6.525
B17: Gustavo Bumbum (GK) | AB17: =COUNTIF(C17:Z17,"P") -> 0 | AC17: =SUM(D17,I17,N17,S17,X17) -> 0 | AD17: =SUM(E17,J17,O17,T17,Y17) -> 0 | AE17: =SUM(AC17+AD17) -> 0 | AF17: =COUNTIF(G17:AA17,"F") -> 0 | AG17: =IFERROR(AVERAGE(F17,K17,P17,U17,Z17),"-") -> -
B18: Gustavo Gomes | AB18: =COUNTIF(C18:Z18,"P") -> 0 | AC18: =SUM(D18,I18,N18,S18,X18) -> 0 | AD18: =SUM(E18,J18,O18,T18,Y18) -> 0 | AE18: =SUM(AC18+AD18) -> 0 | AF18: =COUNTIF(G18:AA18,"F") -> 0 | AG18: =IFERROR(AVERAGE(F18,K18,P18,U18,Z18),"-") -> -
B19: Henrique Viza | H19: P | I19: 4 | J19: 2 | K19: 6.78 | L19: F | AB19: =COUNTIF(C19:Z19,"P") -> 1 | AC19: =SUM(D19,I19,N19,S19,X19) -> 4 | AD19: =SUM(E19,J19,O19,T19,Y19) -> 2 | AE19: =SUM(AC19+AD19) -> 6 | AF19: =COUNTIF(G19:AA19,"F") -> 1 | AG19: =IFERROR(AVERAGE(F19,K19,P19,U19,Z19),"-") -> 6.78
B20: Jeferson Neves | AB20: =COUNTIF(C20:Z20,"P") -> 0 | AC20: =SUM(D20,I20,N20,S20,X20) -> 0 | AD20: =SUM(E20,J20,O20,T20,Y20) -> 0 | AE20: =SUM(AC20+AD20) -> 0 | AF20: =COUNTIF(G20:AA20,"F") -> 0 | AG20: =IFERROR(AVERAGE(F20,K20,P20,U20,Z20),"-") -> -
B21: João Victor - Bazim | C21: P | D21: 0 | E21: 1 | F21: 5.88 | W21: P | X21: 0 | Y21: 0 | Z21: 4.26 | AB21: =COUNTIF(C21:Z21,"P") -> 2 | AC21: =SUM(D21,I21,N21,S21,X21) -> 0 | AD21: =SUM(E21,J21,O21,T21,Y21) -> 1 | AE21: =SUM(AC21+AD21) -> 1 | AF21: =COUNTIF(G21:AA21,"F") -> 0 | AG21: =IFERROR(AVERAGE(F21,K21,P21,U21,Z21),"-") -> 5.07
B22: João Vitor Nunes | AB22: =COUNTIF(C22:Z22,"P") -> 0 | AC22: =SUM(D22,I22,N22,S22,X22) -> 0 | AD22: =SUM(E22,J22,O22,T22,Y22) -> 0 | AE22: =SUM(AC22+AD22) -> 0 | AF22: =COUNTIF(G22:AA22,"F") -> 0 | AG22: =IFERROR(AVERAGE(F22,K22,P22,U22,Z22),"-") -> -
B23: José Guilherme | H23: P | I23: 2 | J23: 2 | K23: 6.06 | L23: F | M23: P | N23: 6 | O23: 0 | P23: 8.38 | Q23: F | R23: P | S23: 1 | T23: 1 | U23: 5.64 | W23: P | X23: 1 | Y23: 3 | Z23: 5.66 | AB23: =COUNTIF(C23:Z23,"P") -> 4 | AC23: =SUM(D23,I23,N23,S23,X23) -> 10 | AD23: =SUM(E23,J23,O23,T23,Y23) -> 6 | AE23: =SUM(AC23+AD23) -> 16 | AF23: =COUNTIF(G23:AA23,"F") -> 2 | AG23: =IFERROR(AVERAGE(F23,K23,P23,U23,Z23),"-") -> 6.435
B24: Kyrius Barros | AB24: =COUNTIF(C24:Z24,"P") -> 0 | AC24: =SUM(D24,I24,N24,S24,X24) -> 0 | AD24: =SUM(E24,J24,O24,T24,Y24) -> 0 | AE24: =SUM(AC24+AD24) -> 0 | AF24: =COUNTIF(G24:AA24,"F") -> 0 | AG24: =IFERROR(AVERAGE(F24,K24,P24,U24,Z24),"-") -> -
B25: Leo Bitencourt | V25: F | AB25: =COUNTIF(C25:Z25,"P") -> 0 | AC25: =SUM(D25,I25,N25,S25,X25) -> 0 | AD25: =SUM(E25,J25,O25,T25,Y25) -> 0 | AE25: =SUM(AC25+AD25) -> 0 | AF25: =COUNTIF(G25:AA25,"F") -> 1 | AG25: =IFERROR(AVERAGE(F25,K25,P25,U25,Z25),"-") -> -
B26: Leo Hubner | AB26: =COUNTIF(C26:Z26,"P") -> 0 | AC26: =SUM(D26,I26,N26,S26,X26) -> 0 | AD26: =SUM(E26,J26,O26,T26,Y26) -> 0 | AE26: =SUM(AC26+AD26) -> 0 | AF26: =COUNTIF(G26:AA26,"F") -> 0 | AG26: =IFERROR(AVERAGE(F26,K26,P26,U26,Z26),"-") -> -
B27: Leo Starling | C27: P | D27: 2 | E27: 2 | F27: 6.48 | H27: P | I27: 3 | J27: 2 | K27: 5.58 | M27: P | N27: 0 | O27: 0 | P27: 4.18 | R27: P | S27: 0 | T27: 1 | U27: 6.14 | V27: F | AB27: =COUNTIF(C27:Z27,"P") -> 4 | AC27: =SUM(D27,I27,N27,S27,X27) -> 5 | AD27: =SUM(E27,J27,O27,T27,Y27) -> 5 | AE27: =SUM(AC27+AD27) -> 10 | AF27: =COUNTIF(G27:AA27,"F") -> 1 | AG27: =IFERROR(AVERAGE(F27,K27,P27,U27,Z27),"-") -> 5.595
B28: Lucas Bertolace | AB28: =COUNTIF(C28:Z28,"P") -> 0 | AC28: =SUM(D28,I28,N28,S28,X28) -> 0 | AD28: =SUM(E28,J28,O28,T28,Y28) -> 0 | AE28: =SUM(AC28+AD28) -> 0 | AF28: =COUNTIF(G28:AA28,"F") -> 0 | AG28: =IFERROR(AVERAGE(F28,K28,P28,U28,Z28),"-") -> -
B29: Lucas Borela | H29: P | I29: 0 | J29: 1 | K29: 3.46 | AB29: =COUNTIF(C29:Z29,"P") -> 1 | AC29: =SUM(D29,I29,N29,S29,X29) -> 0 | AD29: =SUM(E29,J29,O29,T29,Y29) -> 1 | AE29: =SUM(AC29+AD29) -> 1 | AF29: =COUNTIF(G29:AA29,"F") -> 0 | AG29: =IFERROR(AVERAGE(F29,K29,P29,U29,Z29),"-") -> 3.46
B30: Lucas Gama - Passarim | AB30: =COUNTIF(C30:Z30,"P") -> 0 | AC30: =SUM(D30,I30,N30,S30,X30) -> 0 | AD30: =SUM(E30,J30,O30,T30,Y30) -> 0 | AE30: =SUM(AC30+AD30) -> 0 | AF30: =COUNTIF(G30:AA30,"F") -> 0 | AG30: =IFERROR(AVERAGE(F30,K30,P30,U30,Z30),"-") -> -
B31: Lucas Leite - Coxinha | C31: P | D31: 1 | E31: 1 | F31: 5.64 | M31: P | N31: 0 | O31: 3 | P31: 6.38 | Q31: F | AB31: =COUNTIF(C31:Z31,"P") -> 2 | AC31: =SUM(D31,I31,N31,S31,X31) -> 1 | AD31: =SUM(E31,J31,O31,T31,Y31) -> 4 | AE31: =SUM(AC31+AD31) -> 5 | AF31: =COUNTIF(G31:AA31,"F") -> 1 | AG31: =IFERROR(AVERAGE(F31,K31,P31,U31,Z31),"-") -> 6.01
B32: Luis do Corte | AB32: =COUNTIF(C32:Z32,"P") -> 0 | AC32: =SUM(D32,I32,N32,S32,X32) -> 0 | AD32: =SUM(E32,J32,O32,T32,Y32) -> 0 | AE32: =SUM(AC32+AD32) -> 0 | AF32: =COUNTIF(G32:AA32,"F") -> 0 | AG32: =IFERROR(AVERAGE(F32,K32,P32,U32,Z32),"-") -> -
B33: Marcelo Castro | AB33: =COUNTIF(C33:Z33,"P") -> 0 | AC33: =SUM(D33,I33,N33,S33,X33) -> 0 | AD33: =SUM(E33,J33,O33,T33,Y33) -> 0 | AE33: =SUM(AC33+AD33) -> 0 | AF33: =COUNTIF(G33:AA33,"F") -> 0 | AG33: =IFERROR(AVERAGE(F33,K33,P33,U33,Z33),"-") -> -
B34: Marco Antonio | C34: P | D34: 0 | E34: 0 | F34: 6.42 | G34: F | H34: P | I34: 0 | J34: 1 | K34: 5.86 | L34: F | R34: P | S34: 1 | T34: 0 | U34: 6.08 | W34: P | X34: 0 | Y34: 0 | Z34: 6.14 | AA34: F | AB34: =COUNTIF(C34:Z34,"P") -> 4 | AC34: =SUM(D34,I34,N34,S34,X34) -> 1 | AD34: =SUM(E34,J34,O34,T34,Y34) -> 1 | AE34: =SUM(AC34+AD34) -> 2 | AF34: =COUNTIF(G34:AA34,"F") -> 3 | AG34: =IFERROR(AVERAGE(F34,K34,P34,U34,Z34),"-") -> 6.125
B35: Matheus Gomes | C35: P | D35: 4 | E35: 2 | F35: 7.52 | G35: F | W35: P | X35: 3 | Y35: 0 | Z35: 5.5 | AB35: =COUNTIF(C35:Z35,"P") -> 2 | AC35: =SUM(D35,I35,N35,S35,X35) -> 7 | AD35: =SUM(E35,J35,O35,T35,Y35) -> 2 | AE35: =SUM(AC35+AD35) -> 9 | AF35: =COUNTIF(G35:AA35,"F") -> 1 | AG35: =IFERROR(AVERAGE(F35,K35,P35,U35,Z35),"-") -> 6.51
B36: Meurin | C36: P | D36: 1 | E36: 0 | F36: 4.58 | H36: P | I36: 2 | J36: 4 | K36: 4.78 | M36: P | N36: 0 | O36: 0 | P36: 3.66 | R36: P | S36: 0 | T36: 3 | U36: 5.92 | V36: F | W36: P | X36: 1 | Y36: 2 | Z36: 6.32 | AA36: F | AB36: =COUNTIF(C36:Z36,"P") -> 5 | AC36: =SUM(D36,I36,N36,S36,X36) -> 4 | AD36: =SUM(E36,J36,O36,T36,Y36) -> 9 | AE36: =SUM(AC36+AD36) -> 13 | AF36: =COUNTIF(G36:AA36,"F") -> 2 | AG36: =IFERROR(AVERAGE(F36,K36,P36,U36,Z36),"-") -> 5.052
B37: Pablo Brandão | C37: P | D37: 0 | E37: 0 | F37: 5.7 | H37: P | I37: 0 | J37: 0 | K37: 5.64 | M37: P | N37: 0 | O37: 1 | P37: 5.62 | R37: P | S37: 0 | T37: 0 | U37: 5.86 | W37: P | X37: 1 | Y37: 1 | Z37: 7.34 | AA37: F | AB37: =COUNTIF(C37:Z37,"P") -> 5 | AC37: =SUM(D37,I37,N37,S37,X37) -> 1 | AD37: =SUM(E37,J37,O37,T37,Y37) -> 2 | AE37: =SUM(AC37+AD37) -> 3 | AF37: =COUNTIF(G37:AA37,"F") -> 1 | AG37: =IFERROR(AVERAGE(F37,K37,P37,U37,Z37),"-") -> 6.032
B38: Pedro Abreu | AB38: =COUNTIF(C38:Z38,"P") -> 0 | AC38: =SUM(D38,I38,N38,S38,X38) -> 0 | AD38: =SUM(E38,J38,O38,T38,Y38) -> 0 | AE38: =SUM(AC38+AD38) -> 0 | AF38: =COUNTIF(G38:AA38,"F") -> 0 | AG38: =IFERROR(AVERAGE(F38,K38,P38,U38,Z38),"-") -> -
B39: Pedro Chequer | M39: P | N39: 1 | O39: 0 | P39: 5.26 | W39: P | X39: 1 | Y39: 0 | Z39: 4.34 | AB39: =COUNTIF(C39:Z39,"P") -> 2 | AC39: =SUM(D39,I39,N39,S39,X39) -> 2 | AD39: =SUM(E39,J39,O39,T39,Y39) -> 0 | AE39: =SUM(AC39+AD39) -> 2 | AF39: =COUNTIF(G39:AA39,"F") -> 0 | AG39: =IFERROR(AVERAGE(F39,K39,P39,U39,Z39),"-") -> 4.8
B40: Pedro Dias | C40: P | D40: 6 | E40: 3 | F40: 8.88 | G40: F | H40: P | I40: 1 | J40: 0 | M40: P | N40: 1 | O40: 0 | P40: 4.32 | R40: P | S40: 2 | T40: 0 | U40: 5.5 | W40: P | X40: 1 | Y40: 2 | Z40: 5.4 | AB40: =COUNTIF(C40:Z40,"P") -> 5 | AC40: =SUM(D40,I40,N40,S40,X40) -> 11 | AD40: =SUM(E40,J40,O40,T40,Y40) -> 5 | AE40: =SUM(AC40+AD40) -> 16 | AF40: =COUNTIF(G40:AA40,"F") -> 1 | AG40: =IFERROR(AVERAGE(F40,K40,P40,U40,Z40),"-") -> 6.025
B41: Pierre Paulo | C41: P | D41: 0 | E41: 0 | F41: 5.7 | H41: P | I41: 0 | J41: 0 | K41: 5.92 | M41: P | N41: 1 | O41: 0 | P41: 5.12 | R41: P | S41: 0 | T41: 1 | U41: 5.78 | W41: P | X41: 0 | Y41: 1 | Z41: 6 | AB41: =COUNTIF(C41:Z41,"P") -> 5 | AC41: =SUM(D41,I41,N41,S41,X41) -> 1 | AD41: =SUM(E41,J41,O41,T41,Y41) -> 2 | AE41: =SUM(AC41+AD41) -> 3 | AF41: =COUNTIF(G41:AA41,"F") -> 0 | AG41: =IFERROR(AVERAGE(F41,K41,P41,U41,Z41),"-") -> 5.704
B42: Rafael Mendes | C42: P | D42: 1 | E42: 0 | F42: 5.36 | H42: P | I42: 2 | J42: 1 | K42: 6.78 | L42: F | M42: O | N42: 0 | O42: 1 | P42: 6.06 | Q42: F | R42: P | S42: 1 | T42: 3 | U42: 6.42 | W42: P | X42: 0 | Y42: 0 | Z42: 5.26 | AB42: =COUNTIF(C42:Z42,"P") -> 4 | AC42: =SUM(D42,I42,N42,S42,X42) -> 4 | AD42: =SUM(E42,J42,O42,T42,Y42) -> 5 | AE42: =SUM(AC42+AD42) -> 9 | AF42: =COUNTIF(G42:AA42,"F") -> 2 | AG42: =IFERROR(AVERAGE(F42,K42,P42,U42,Z42),"-") -> 5.976
B43: Rafael Vasconcelos | M43: P | N43: 0 | O43: 1 | P43: 3.76 | AB43: =COUNTIF(C43:Z43,"P") -> 1 | AC43: =SUM(D43,I43,N43,S43,X43) -> 0 | AD43: =SUM(E43,J43,O43,T43,Y43) -> 1 | AE43: =SUM(AC43+AD43) -> 1 | AF43: =COUNTIF(G43:AA43,"F") -> 0 | AG43: =IFERROR(AVERAGE(F43,K43,P43,U43,Z43),"-") -> 3.76
B44: Raphael Ambrosio | AB44: =COUNTIF(C44:Z44,"P") -> 0 | AC44: =SUM(D44,I44,N44,S44,X44) -> 0 | AD44: =SUM(E44,J44,O44,T44,Y44) -> 0 | AE44: =SUM(AC44+AD44) -> 0 | AF44: =COUNTIF(G44:AA44,"F") -> 0 | AG44: =IFERROR(AVERAGE(F44,K44,P44,U44,Z44),"-") -> -
B45: Reinaldo Santana | C45: P | D45: 0 | E45: 0 | F45: 5.22 | M45: P | N45: 0 | O45: 2 | P45: 5.68 | Q45: F | R45: P | S45: 0 | T45: 0 | U45: 6 | V45: F | W45: P | X45: 2 | Y45: 1 | Z45: 5.4 | AB45: =COUNTIF(C45:Z45,"P") -> 4 | AC45: =SUM(D45,I45,N45,S45,X45) -> 2 | AD45: =SUM(E45,J45,O45,T45,Y45) -> 3 | AE45: =SUM(AC45+AD45) -> 5 | AF45: =COUNTIF(G45:AA45,"F") -> 2 | AG45: =IFERROR(AVERAGE(F45,K45,P45,U45,Z45),"-") -> 5.575
B46: Ricardo Marchesini (GK) | H46: P | I46: 0 | J46: 0 | K46: 6.08 | M46: P | N46: 0 | O46: 0 | P46: 5.56 | W46: P | X46: 0 | Y46: 0 | Z46: 6.4 | AB46: =COUNTIF(C46:Z46,"P") -> 3 | AC46: =SUM(D46,I46,N46,S46,X46) -> 0 | AD46: =SUM(E46,J46,O46,T46,Y46) -> 0 | AE46: =SUM(AC46+AD46) -> 0 | AF46: =COUNTIF(G46:AA46,"F") -> 0 | AG46: =IFERROR(AVERAGE(F46,K46,P46,U46,Z46),"-") -> 6.0133333
B47: Ruan Amorim | C47: P | D47: 1 | E47: 1 | F47: 7.3 | G47: F | H47: P | I47: 0 | J47: 1 | K47: 7 | L47: F | M47: P | N47: 1 | O47: 1 | P47: 5.68 | R47: P | S47: 1 | T47: 0 | U47: 6 | W47: P | X47: 1 | Y47: 0 | Z47: 5.26 | AB47: =COUNTIF(C47:Z47,"P") -> 5 | AC47: =SUM(D47,I47,N47,S47,X47) -> 4 | AD47: =SUM(E47,J47,O47,T47,Y47) -> 3 | AE47: =SUM(AC47+AD47) -> 7 | AF47: =COUNTIF(G47:AA47,"F") -> 2 | AG47: =IFERROR(AVERAGE(F47,K47,P47,U47,Z47),"-") -> 6.248
B48: Salomão Charbel | AB48: =COUNTIF(C48:Z48,"P") -> 0 | AC48: =SUM(D48,I48,N48,S48,X48) -> 0 | AD48: =SUM(E48,J48,O48,T48,Y48) -> 0 | AE48: =SUM(AC48+AD48) -> 0 | AF48: =COUNTIF(G48:AA48,"F") -> 0 | AG48: =IFERROR(AVERAGE(F48,K48,P48,U48,Z48),"-") -> -
B49: Thiago Amorim - Caputira | AB49: =COUNTIF(C49:Z49,"P") -> 0 | AC49: =SUM(D49,I49,N49,S49,X49) -> 0 | AD49: =SUM(E49,J49,O49,T49,Y49) -> 0 | AE49: =SUM(AC49+AD49) -> 0 | AF49: =COUNTIF(G49:AA49,"F") -> 0 | AG49: =IFERROR(AVERAGE(F49,K49,P49,U49,Z49),"-") -> -
B50: Wanderson Santiago | C50: P | D50: 0 | E50: 1 | F50: 6.7 | G50: F | H50: P | I50: 1 | J50: 1 | K50: 5.42 | R50: P | S50: 3 | T50: 1 | U50: 6.08 | AB50: =COUNTIF(C50:Z50,"P") -> 3 | AC50: =SUM(D50,I50,N50,S50,X50) -> 4 | AD50: =SUM(E50,J50,O50,T50,Y50) -> 3 | AE50: =SUM(AC50+AD50) -> 7 | AF50: =COUNTIF(G50:AA50,"F") -> 1 | AG50: =IFERROR(AVERAGE(F50,K50,P50,U50,Z50),"-") -> 6.0666667
B51: Wellington Leite | AB51: =COUNTIF(C51:Z51,"P") -> 0 | AC51: =SUM(D51,I51,N51,S51,X51) -> 0 | AD51: =SUM(E51,J51,O51,T51,Y51) -> 0 | AE51: =SUM(AC51+AD51) -> 0 | AF51: =COUNTIF(G51:AA51,"F") -> 0 | AG51: =IFERROR(AVERAGE(F51,K51,P51,U51,Z51),"-") -> -
B52: Yamam Fagundes | AB52: =COUNTIF(C52:Z52,"P") -> 0 | AC52: =SUM(D52,I52,N52,S52,X52) -> 0 | AD52: =SUM(E52,J52,O52,T52,Y52) -> 0 | AE52: =SUM(AC52+AD52) -> 0 | AF52: =COUNTIF(G52:AA52,"F") -> 0 | AG52: =IFERROR(AVERAGE(F52,K52,P52,U52,Z52),"-") -> -

Sheet MAI
B1: PELADA DA RESENHA - TERÇA 20H
B3: JOGADOR | C3: 45783 | H3: =C3+7 -> 45790 | M3: =H3+7 -> 45797 | R3: =M3+7 -> 45804 | W3: - | AB3: PRESENÇA | AC3: GOLS TOTAIS | AD3: ASSIST TOTAIS | AE3: G+A | AG3: MÉDIA TOTAL
C4: PRESENTE | D4: GOL | E4: ASSIST | F4: NOTA | H4: PRESENTE | I4: GOL | J4: ASSIST | K4: NOTA | M4: PRESENTE | N4: GOL | O4: ASSIST | P4: NOTA | R4: PRESENTE | S4: GOL | T4: ASSIST | U4: NOTA | W4: PRESENTE | X4: GOL | Y4: ASSIST | Z4: NOTA
B5: Alberto Henrique | C5: P | D5: 2 | E5: 0 | F5: 5.38 | G5: F | H5: P | I5: 2 | J5: 0 | K5: 6.06 | M5: P | N5: 0 | O5: 2 | P5: 6.62 | W5: - | X5: - | Y5: - | Z5: - | AB5: =COUNTIF(C5:Z5,"P") -> 3 | AC5: =SUM(D5,I5,N5,S5,X5) -> 4 | AD5: =SUM(E5,J5,O5,T5,Y5) -> 2 | AE5: =SUM(AC5+AD5) -> 6 | AF5: =COUNTIF(G5:AA5,"F") -> 1 | AG5: =IFERROR(AVERAGE(F5,K5,P5,U5,Z5),"-") -> 6.02
B6: Allan Borela | W6: - | X6: - | Y6: - | Z6: - | AB6: =COUNTIF(C6:Z6,"P") -> 0 | AC6: =SUM(D6,I6,N6,S6,X6) -> 0 | AD6: =SUM(E6,J6,O6,T6,Y6) -> 0 | AE6: =SUM(AC6+AD6) -> 0 | AF6: =COUNTIF(G6:AA6,"F") -> 0 | AG6: =IFERROR(AVERAGE(F6,K6,P6,U6,Z6),"-") -> -
B7: Breno (GK) | W7: - | X7: - | Y7: - | Z7: - | AB7: =COUNTIF(C7:Z7,"P") -> 0 | AC7: =SUM(D7,I7,N7,S7,X7) -> 0 | AD7: =SUM(E7,J7,O7,T7,Y7) -> 0 | AE7: =SUM(AC7+AD7) -> 0 | AF7: =COUNTIF(G7:AA7,"F") -> 0 | AG7: =IFERROR(AVERAGE(F7,K7,P7,U7,Z7),"-") -> -
B8: Daniel Medeiros (GK) | W8: - | X8: - | Y8: - | Z8: - | AB8: =COUNTIF(C8:Z8,"P") -> 0 | AC8: =SUM(D8,I8,N8,S8,X8) -> 0 | AD8: =SUM(E8,J8,O8,T8,Y8) -> 0 | AE8: =SUM(AC8+AD8) -> 0 | AF8: =COUNTIF(G8:AA8,"F") -> 0 | AG8: =IFERROR(AVERAGE(F8,K8,P8,U8,Z8),"-") -> -
B9: David Melo | C9: P | D9: 0 | E9: 0 | F9: 5.58 | G9: F | W9: - | X9: - | Y9: - | Z9: - | AB9: =COUNTIF(C9:Z9,"P") -> 1 | AC9: =SUM(D9,I9,N9,S9,X9) -> 0 | AD9: =SUM(E9,J9,O9,T9,Y9) -> 0 | AE9: =SUM(AC9+AD9) -> 0 | AF9: =COUNTIF(G9:AA9,"F") -> 1 | AG9: =IFERROR(AVERAGE(F9,K9,P9,U9,Z9),"-") -> 5.58
B10: Douglas DG (GK) | C10: P | D10: 0 | E10: 0 | F10: 6.72 | H10: P | I10: 0 | J10: 0 | K10: 6.42 | L10: F | M10: P | N10: 0 | O10: 0 | P10: 3.34 | R10: P | S10: 0 | T10: 0 | U10: 3.48 | W10: - | X10: - | Y10: - | Z10: - | AB10: =COUNTIF(C10:Z10,"P") -> 4 | AC10: =SUM(D10,I10,N10,S10,X10) -> 0 | AD10: =SUM(E10,J10,O10,T10,Y10) -> 0 | AE10: =SUM(AC10+AD10) -> 0 | AF10: =COUNTIF(G10:AA10,"F") -> 1 | AG10: =IFERROR(AVERAGE(F10,K10,P10,U10,Z10),"-") -> 4.99
B11: Felipe Horsts | W11: - | X11: - | Y11: - | Z11: - | AB11: =COUNTIF(C11:Z11,"P") -> 0 | AC11: =SUM(D11,I11,N11,S11,X11) -> 0 | AD11: =SUM(E11,J11,O11,T11,Y11) -> 0 | AE11: =SUM(AC11+AD11) -> 0 | AF11: =COUNTIF(G11:AA11,"F") -> 0 | AG11: =IFERROR(AVERAGE(F11,K11,P11,U11,Z11),"-") -> -
B12: Gabriel Andrade | C12: P | D12: 6 | E12: 0 | F12: 7.36 | G12: F | H12: P | I12: 2 | J12: 1 | K12: 6.64 | L12: F | M12: P | N12: 2 | O12: 0 | P12: 6.04 | R12: P | S12: 2 | T12: 2 | U12: 6.97 | V12: F | W12: - | X12: - | Y12: - | Z12: - | AB12: =COUNTIF(C12:Z12,"P") -> 4 | AC12: =SUM(D12,I12,N12,S12,X12) -> 12 | AD12: =SUM(E12,J12,O12,T12,Y12) -> 3 | AE12: =SUM(AC12+AD12) -> 15 | AF12: =COUNTIF(G12:AA12,"F") -> 3 | AG12: =IFERROR(AVERAGE(F12,K12,P12,U12,Z12),"-") -> 6.7525
B13: Gabriel Castro | C13: P | D13: 0 | E13: 1 | F13: 4.48 | H13: P | I13: 0 | J13: 1 | K13: 5.64 | L13: F | M13: P | N13: 0 | O13: 2 | P13: 4.16 | R13: P | S13: 2 | T13: 0 | U13: 4.24 | W13: - | X13: - | Y13: - | Z13: - | AB13: =COUNTIF(C13:Z13,"P") -> 4 | AC13: =SUM(D13,I13,N13,S13,X13) -> 2 | AD13: =SUM(E13,J13,O13,T13,Y13) -> 4 | AE13: =SUM(AC13+AD13) -> 6 | AF13: =COUNTIF(G13:AA13,"F") -> 1 | AG13: =IFERROR(AVERAGE(F13,K13,P13,U13,Z13),"-") -> 4.63
B14: Gabriel Cosendey | C14: P | D14: 0 | E14: 0 | F14: 6.64 | W14: - | X14: - | Y14: - | Z14: - | AB14: =COUNTIF(C14:Z14,"P") -> 1 | AC14: =SUM(D14,I14,N14,S14,X14) -> 0 | AD14: =SUM(E14,J14,O14,T14,Y14) -> 0 | AE14: =SUM(AC14+AD14) -> 0 | AF14: =COUNTIF(G14:AA14,"F") -> 0 | AG14: =IFERROR(AVERAGE(F14,K14,P14,U14,Z14),"-") -> 6.64
B15: Gabriel Teixeira | AB15: =COUNTIF(C15:Z15,"P") -> 0 | AC15: =SUM(D15,I15,N15,S15,X15) -> 0 | AD15: =SUM(E15,J15,O15,T15,Y15) -> 0 | AE15: =SUM(AC15+AD15) -> 0 | AF15: =COUNTIF(G15:AA15,"F") -> 0 | AG15: =IFERROR(AVERAGE(F15,K15,P15,U15,Z15),"-") -> -
B16: Guilherme Santos (GK) | C16: P | D16: 0 | E16: 0 | F16: 6.62 | G16: F | H16: P | I16: 0 | J16: 0 | K16: 6.82 | M16: P | N16: 0 | O16: 0 | P16: 6.04 | R16: P | S16: 0 | T16: 0 | U16: 6.06 | V16: F | W16: - | X16: - | Y16: - | Z16: - | AB16: =COUNTIF(C16:Z16,"P") -> 4 | AC16: =SUM(D16,I16,N16,S16,X16) -> 0 | AD16: =SUM(E16,J16,O16,T16,Y16) -> 0 | AE16: =SUM(AC16+AD16) -> 0 | AF16: =COUNTIF(G16:AA16,"F") -> 2 | AG16: =IFERROR(AVERAGE(F16,K16,P16,U16,Z16),"-") -> 6.385
B17: Gustavo Bumbum (GK) | M17: P | N17: 0 | O17: 0 | P17: 5.68 | W17: - | X17: - | Y17: - | Z17: - | AB17: =COUNTIF(C17:Z17,"P") -> 1 | AC17: =SUM(D17,I17,N17,S17,X17) -> 0 | AD17: =SUM(E17,J17,O17,T17,Y17) -> 0 | AE17: =SUM(AC17+AD17) -> 0 | AF17: =COUNTIF(G17:AA17,"F") -> 0 | AG17: =IFERROR(AVERAGE(F17,K17,P17,U17,Z17),"-") -> 5.68
B18: Gustavo Gomes | W18: - | X18: - | Y18: - | Z18: - | AB18: =COUNTIF(C18:Z18,"P") -> 0 | AC18: =SUM(D18,I18,N18,S18,X18) -> 0 | AD18: =SUM(E18,J18,O18,T18,Y18) -> 0 | AE18: =SUM(AC18+AD18) -> 0 | AF18: =COUNTIF(G18:AA18,"F") -> 0 | AG18: =IFERROR(AVERAGE(F18,K18,P18,U18,Z18),"-") -> -
B19: Henrique Viza | M19: P | N19: 4 | O19: 2 | P19: 7.46 | Q19: F | R19: P | S19: 2 | T19: 1 | U19: 5.88 | W19: - | X19: - | Y19: - | Z19: - | AB19: =COUNTIF(C19:Z19,"P") -> 2 | AC19: =SUM(D19,I19,N19,S19,X19) -> 6 | AD19: =SUM(E19,J19,O19,T19,Y19) -> 3 | AE19: =SUM(AC19+AD19) -> 9 | AF19: =COUNTIF(G19:AA19,"F") -> 1 | AG19: =IFERROR(AVERAGE(F19,K19,P19,U19,Z19),"-") -> 6.67
B20: Jeferson Neves | AB20: =COUNTIF(C20:Z20,"P") -> 0 | AC20: =SUM(D20,I20,N20,S20,X20) -> 0 | AD20: =SUM(E20,J20,O20,T20,Y20) -> 0 | AE20: =SUM(AC20+AD20) -> 0 | AF20: =COUNTIF(G20:AA20,"F") -> 0 | AG20: =IFERROR(AVERAGE(F20,K20,P20,U20,Z20),"-") -> -
B21: João Victor - Bazim | C21: P | D21: 0 | E21: 0 | F21: 5.28 | G21: F | H21: P | I21: 0 | J21: 0 | K21: 5.5 | M21: P | N21: 2 | O21: 0 | P21: 5.66 | R21: P | S21: 1 | T21: 1 | U21: 5.62 | V21: F | W21: - | X21: - | Y21: - | Z21: - | AB21: =COUNTIF(C21:Z21,"P") -> 4 | AC21: =SUM(D21,I21,N21,S21,X21) -> 3 | AD21: =SUM(E21,J21,O21,T21,Y21) -> 1 | AE21: =SUM(AC21+AD21) -> 4 | AF21: =COUNTIF(G21:AA21,"F") -> 2 | AG21: =IFERROR(AVERAGE(F21,K21,P21,U21,Z21),"-") -> 5.515
B22: João Vitor Nunes | C22: P | D22: 2 | E22: 2 | F22: 4.64 | H22: P | I22: 2 | J22: 2 | K22: 4.82 | M22: P | N22: 3 | O22: 1 | P22: 4.76 | R22: P | S22: 2 | T22: 3 | U22: 5.56 | V22: F | W22: - | X22: - | Y22: - | Z22: - | AB22: =COUNTIF(C22:Z22,"P") -> 4 | AC22: =SUM(D22,I22,N22,S22,X22) -> 9 | AD22: =SUM(E22,J22,O22,T22,Y22) -> 8 | AE22: =SUM(AC22+AD22) -> 17 | AF22: =COUNTIF(G22:AA22,"F") -> 1 | AG22: =IFERROR(AVERAGE(F22,K22,P22,U22,Z22),"-") -> 4.945
B23: José Guilherme | C23: P | D23: 5 | E23: 3 | F23: 7.42 | H23: P | I23: 1 | J23: 1 | K23: 5.42 | M23: P | N23: 2 | O23: 0 | P23: 4.62 | R23: P | S23: 2 | T23: 0 | U23: 4.7 | W23: - | X23: - | Y23: - | Z23: - | AB23: =COUNTIF(C23:Z23,"P") -> 4 | AC23: =SUM(D23,I23,N23,S23,X23) -> 10 | AD23: =SUM(E23,J23,O23,T23,Y23) -> 4 | AE23: =SUM(AC23+AD23) -> 14 | AF23: =COUNTIF(G23:AA23,"F") -> 0 | AG23: =IFERROR(AVERAGE(F23,K23,P23,U23,Z23),"-") -> 5.54
B24: Kyrius Barros | W24: - | X24: - | Y24: - | Z24: - | AB24: =COUNTIF(C24:Z24,"P") -> 0 | AC24: =SUM(D24,I24,N24,S24,X24) -> 0 | AD24: =SUM(E24,J24,O24,T24,Y24) -> 0 | AE24: =SUM(AC24+AD24) -> 0 | AF24: =COUNTIF(G24:AA24,"F") -> 0 | AG24: =IFERROR(AVERAGE(F24,K24,P24,U24,Z24),"-") -> -
B25: Leo Bitencourt | C25: P | D25: 3 | E25: 1 | F25: 5.72 | G25: F | H25: P | I25: 1 | J25: 0 | K25: 5.88 | L25: F | M25: P | N25: 1 | O25: 1 | P25: 5.84 | Q25: F | R25: P | S25: 0 | T25: 1 | U25: 3.88 | W25: - | X25: - | Y25: - | Z25: - | AB25: =COUNTIF(C25:Z25,"P") -> 4 | AC25: =SUM(D25,I25,N25,S25,X25) -> 5 | AD25: =SUM(E25,J25,O25,T25,Y25) -> 3 | AE25: =SUM(AC25+AD25) -> 8 | AF25: =COUNTIF(G25:AA25,"F") -> 3 | AG25: =IFERROR(AVERAGE(F25,K25,P25,U25,Z25),"-") -> 5.33
B26: Leo Hubner | W26: - | X26: - | Y26: - | Z26: - | AB26: =COUNTIF(C26:Z26,"P") -> 0 | AC26: =SUM(D26,I26,N26,S26,X26) -> 0 | AD26: =SUM(E26,J26,O26,T26,Y26) -> 0 | AE26: =SUM(AC26+AD26) -> 0 | AF26: =COUNTIF(G26:AA26,"F") -> 0 | AG26: =IFERROR(AVERAGE(F26,K26,P26,U26,Z26),"-") -> -
B27: Leo Starling | H27: P | I27: 1 | J27: 1 | K27: 4.64 | M27: P | N27: 1 | O27: 0 | P27: 4.92 | R27: P | S27: 2 | T27: 2 | U27: 5.3 | W27: - | X27: - | Y27: - | Z27: - | AB27: =COUNTIF(C27:Z27,"P") -> 3 | AC27: =SUM(D27,I27,N27,S27,X27) -> 4 | AD27: =SUM(E27,J27,O27,T27,Y27) -> 3 | AE27: =SUM(AC27+AD27) -> 7 | AF27: =COUNTIF(G27:AA27,"F") -> 0 | AG27: =IFERROR(AVERAGE(F27,K27,P27,U27,Z27),"-") -> 4.9533333
B28: Lucas Bertolace | AB28: =COUNTIF(C28:Z28,"P") -> 0 | AC28: =SUM(D28,I28,N28,S28,X28) -> 0 | AD28: =SUM(E28,J28,O28,T28,Y28) -> 0 | AE28: =SUM(AC28+AD28) -> 0 | AF28: =COUNTIF(G28:AA28,"F") -> 0 | AG28: =IFERROR(AVERAGE(F28,K28,P28,U28,Z28),"-") -> -
B29: Lucas Borela | W29: - | X29: - | Y29: - | Z29: - | AB29: =COUNTIF(C29:Z29,"P") -> 0 | AC29: =SUM(D29,I29,N29,S29,X29) -> 0 | AD29: =SUM(E29,J29,O29,T29,Y29) -> 0 | AE29: =SUM(AC29+AD29) -> 0 | AF29: =COUNTIF(G29:AA29,"F") -> 0 | AG29: =IFERROR(AVERAGE(F29,K29,P29,U29,Z29),"-") -> -
B30: Lucas Gama - Passarim | M30: P | N30: 2 | O30: 0 | P30: 6.44 | R30: P | S30: 4 | T30: 1 | U30: 6.56 | V30: F | W30: - | X30: - | Y30: - | Z30: - | AB30: =COUNTIF(C30:Z30,"P") -> 2 | AC30: =SUM(D30,I30,N30,S30,X30) -> 6 | AD30: =SUM(E30,J30,O30,T30,Y30) -> 1 | AE30: =SUM(AC30+AD30) -> 7 | AF30: =COUNTIF(G30:AA30,"F") -> 1 | AG30: =IFERROR(AVERAGE(F30,K30,P30,U30,Z30),"-") -> 6.5
B31: Lucas Leite - Coxinha | M31: P | N31: 2 | O31: 1 | P31: 4.5 | W31: - | X31: - | Y31: - | Z31: - | AB31: =COUNTIF(C31:Z31,"P") -> 1 | AC31: =SUM(D31,I31,N31,S31,X31) -> 2 | AD31: =SUM(E31,J31,O31,T31,Y31) -> 1 | AE31: =SUM(AC31+AD31) -> 3 | AF31: =COUNTIF(G31:AA31,"F") -> 0 | AG31: =IFERROR(AVERAGE(F31,K31,P31,U31,Z31),"-") -> 4.5
B32: Luis do Corte | AB32: =COUNTIF(C32:Z32,"P") -> 0 | AC32: =SUM(D32,I32,N32,S32,X32) -> 0 | AD32: =SUM(E32,J32,O32,T32,Y32) -> 0 | AE32: =SUM(AC32+AD32) -> 0 | AF32: =COUNTIF(G32:AA32,"F") -> 0 | AG32: =IFERROR(AVERAGE(F32,K32,P32,U32,Z32),"-") -> -
B33: Marcelo Castro | W33: - | X33: - | Y33: - | Z33: - | AB33: =COUNTIF(C33:Z33,"P") -> 0 | AC33: =SUM(D33,I33,N33,S33,X33) -> 0 | AD33: =SUM(E33,J33,O33,T33,Y33) -> 0 | AE33: =SUM(AC33+AD33) -> 0 | AF33: =COUNTIF(G33:AA33,"F") -> 0 | AG33: =IFERROR(AVERAGE(F33,K33,P33,U33,Z33),"-") -> -
B34: Marco Antonio | C34: P | D34: 1 | E34: 1 | F34: 6.48 | H34: P | I34: 0 | J34: 0 | K34: 5.06 | M34: P | N34: 0 | O34: 1 | P34: 5.16 | W34: - | X34: - | Y34: - | Z34: - | AB34: =COUNTIF(C34:Z34,"P") -> 3 | AC34: =SUM(D34,I34,N34,S34,X34) -> 1 | AD34: =SUM(E34,J34,O34,T34,Y34) -> 2 | AE34: =SUM(AC34+AD34) -> 3 | AF34: =COUNTIF(G34:AA34,"F") -> 0 | AG34: =IFERROR(AVERAGE(F34,K34,P34,U34,Z34),"-") -> 5.5666667
B35: Matheus Gomes | C35: P | D35: 0 | E35: 0 | F35: - | H35: P | I35: 2 | J35: 0 | K35: 5.48 | M35: P | N35: 1 | O35: 0 | P35: 5.16 | W35: - | X35: - | Y35: - | Z35: - | AB35: =COUNTIF(C35:Z35,"P") -> 3 | AC35: =SUM(D35,I35,N35,S35,X35) -> 3 | AD35: =SUM(E35,J35,O35,T35,Y35) -> 0 | AE35: =SUM(AC35+AD35) -> 3 | AF35: =COUNTIF(G35:AA35,"F") -> 0 | AG35: =IFERROR(AVERAGE(F35,K35,P35,U35,Z35),"-") -> 5.32
B36: Meurin | C36: P | D36: 0 | E36: 3 | F36: 4.24 | H36: P | I36: 2 | J36: 1 | K36: 5.48 | L36: F | M36: P | N36: 0 | O36: 4 | P36: 4.96 | R36: P | S36: 1 | T36: 2 | U36: 4.36 | W36: - | X36: - | Y36: - | Z36: - | AB36: =COUNTIF(C36:Z36,"P") -> 4 | AC36: =SUM(D36,I36,N36,S36,X36) -> 3 | AD36: =SUM(E36,J36,O36,T36,Y36) -> 10 | AE36: =SUM(AC36+AD36) -> 13 | AF36: =COUNTIF(G36:AA36,"F") -> 1 | AG36: =IFERROR(AVERAGE(F36,K36,P36,U36,Z36),"-") -> 4.76
B37: Pablo Brandão | C37: P | D37: 0 | E37: 0 | F37: 4.88 | H37: P | I37: 1 | J37: 0 | K37: 6.18 | L37: F | W37: - | X37: - | Y37: - | Z37: - | AB37: =COUNTIF(C37:Z37,"P") -> 2 | AC37: =SUM(D37,I37,N37,S37,X37) -> 1 | AD37: =SUM(E37,J37,O37,T37,Y37) -> 0 | AE37: =SUM(AC37+AD37) -> 1 | AF37: =COUNTIF(G37:AA37,"F") -> 1 | AG37: =IFERROR(AVERAGE(F37,K37,P37,U37,Z37),"-") -> 5.53
B38: Pedro Abreu | W38: - | X38: - | Y38: - | Z38: - | AB38: =COUNTIF(C38:Z38,"P") -> 0 | AC38: =SUM(D38,I38,N38,S38,X38) -> 0 | AD38: =SUM(E38,J38,O38,T38,Y38) -> 0 | AE38: =SUM(AC38+AD38) -> 0 | AF38: =COUNTIF(G38:AA38,"F") -> 0 | AG38: =IFERROR(AVERAGE(F38,K38,P38,U38,Z38),"-") -> -
B39: Pedro Chequer | C39: P | D39: 1 | E39: 0 | F39: 4.3 | M39: P | N39: 0 | O39: 0 | P39: 4.58 | R39: P | S39: 0 | T39: 0 | U39: 6.7 | V39: F | W39: - | X39: - | Y39: - | Z39: - | AB39: =COUNTIF(C39:Z39,"P") -> 3 | AC39: =SUM(D39,I39,N39,S39,X39) -> 1 | AD39: =SUM(E39,J39,O39,T39,Y39) -> 0 | AE39: =SUM(AC39+AD39) -> 1 | AF39: =COUNTIF(G39:AA39,"F") -> 1 | AG39: =IFERROR(AVERAGE(F39,K39,P39,U39,Z39),"-") -> 5.1933333
B40: Pedro Dias | C40: P | D40: 2 | E40: 1 | F40: 6.06 | G40: F | H40: P | I40: 1 | J40: 1 | K40: 6.18 | M40: P | N40: 1 | O40: 2 | P40: 6.34 | Q40: F | R40: P | S40: 2 | T40: 2 | U40: 7.24 | V40: F | W40: - | X40: - | Y40: - | Z40: - | AB40: =COUNTIF(C40:Z40,"P") -> 4 | AC40: =SUM(D40,I40,N40,S40,X40) -> 6 | AD40: =SUM(E40,J40,O40,T40,Y40) -> 6 | AE40: =SUM(AC40+AD40) -> 12 | AF40: =COUNTIF(G40:AA40,"F") -> 3 | AG40: =IFERROR(AVERAGE(F40,K40,P40,U40,Z40),"-") -> 6.455
B41: Pierre Paulo | C41: P | D41: 0 | E41: 1 | F41: 6.24 | H41: P | I41: 0 | J41: 1 | K41: 5.94 | L41: F | M41: P | N41: 0 | O41: 0 | P41: 4.34 | R41: P | S41: 0 | T41: 0 | U41: 4.76 | W41: - | X41: - | Y41: - | Z41: - | AB41: =COUNTIF(C41:Z41,"P") -> 4 | AC41: =SUM(D41,I41,N41,S41,X41) -> 0 | AD41: =SUM(E41,J41,O41,T41,Y41) -> 2 | AE41: =SUM(AC41+AD41) -> 2 | AF41: =COUNTIF(G41:AA41,"F") -> 1 | AG41: =IFERROR(AVERAGE(F41,K41,P41,U41,Z41),"-") -> 5.32
B42: Rafael Mendes | C42: P | D42: 0 | E42: 1 | F42: 5.58 | H42: P | I42: 1 | J42: 0 | K42: 5.24 | R42: P | S42: 2 | T42: 0 | U42: 4.3 | W42: - | X42: - | Y42: - | Z42: - | AB42: =COUNTIF(C42:Z42,"P") -> 3 | AC42: =SUM(D42,I42,N42,S42,X42) -> 3 | AD42: =SUM(E42,J42,O42,T42,Y42) -> 1 | AE42: =SUM(AC42+AD42) -> 4 | AF42: =COUNTIF(G42:AA42,"F") -> 0 | AG42: =IFERROR(AVERAGE(F42,K42,P42,U42,Z42),"-") -> 5.04
B43: Rafael Vasconcelos | W43: - | X43: - | Y43: - | Z43: - | AB43: =COUNTIF(C43:Z43,"P") -> 0 | AC43: =SUM(D43,I43,N43,S43,X43) -> 0 | AD43: =SUM(E43,J43,O43,T43,Y43) -> 0 | AE43: =SUM(AC43+AD43) -> 0 | AF43: =COUNTIF(G43:AA43,"F") -> 0 | AG43: =IFERROR(AVERAGE(F43,K43,P43,U43,Z43),"-") -> -
B44: Raphael Ambrosio | C44: P | D44: 0 | E44: 1 | F44: 4.42 | M44: P | N44: 0 | O44: 0 | P44: 3.54 | W44: - | X44: - | Y44: - | Z44: - | AB44: =COUNTIF(C44:Z44,"P") -> 2 | AC44: =SUM(D44,I44,N44,S44,X44) -> 0 | AD44: =SUM(E44,J44,O44,T44,Y44) -> 1 | AE44: =SUM(AC44+AD44) -> 1 | AF44: =COUNTIF(G44:AA44,"F") -> 0 | AG44: =IFERROR(AVERAGE(F44,K44,P44,U44,Z44),"-") -> 3.98
B45: Reinaldo Santana | C45: P | D45: 0 | E45: 0 | F45: 4.12 | H45: P | I45: 0 | J45: 0 | K45: 5.06 | M45: P | N45: 1 | O45: 0 | P45: 5 | Q45: F | R45: P | S45: 1 | T45: 0 | U45: 4.82 | W45: - | X45: - | Y45: - | Z45: - | AB45: =COUNTIF(C45:Z45,"P") -> 4 | AC45: =SUM(D45,I45,N45,S45,X45) -> 2 | AD45: =SUM(E45,J45,O45,T45,Y45) -> 0 | AE45: =SUM(AC45+AD45) -> 2 | AF45: =COUNTIF(G45:AA45,"F") -> 1 | AG45: =IFERROR(AVERAGE(F45,K45,P45,U45,Z45),"-") -> 4.75
B46: Ricardo Marchesini (GK) | H46: P | I46: 0 | J46: 0 | K46: 7.24 | M46: P | N46: 0 | O46: 0 | P46: 6.38 | Q46: F | W46: - | X46: - | Y46: - | Z46: - | AB46: =COUNTIF(C46:Z46,"P") -> 2 | AC46: =SUM(D46,I46,N46,S46,X46) -> 0 | AD46: =SUM(E46,J46,O46,T46,Y46) -> 0 | AE46: =SUM(AC46+AD46) -> 0 | AF46: =COUNTIF(G46:AA46,"F") -> 1 | AG46: =IFERROR(AVERAGE(F46,K46,P46,U46,Z46),"-") -> 6.81
B47: Ruan Amorim | C47: P | D47: 0 | E47: 1 | F47: 6.18 | G47: F | H47: P | I47: 0 | J47: 0 | K47: 5.36 | M47: P | N47: 0 | O47: 1 | P47: 6.46 | R47: P | S47: 0 | T47: 2 | U47: 6 | W47: - | X47: - | Y47: - | Z47: - | AB47: =COUNTIF(C47:Z47,"P") -> 4 | AC47: =SUM(D47,I47,N47,S47,X47) -> 0 | AD47: =SUM(E47,J47,O47,T47,Y47) -> 4 | AE47: =SUM(AC47+AD47) -> 4 | AF47: =COUNTIF(G47:AA47,"F") -> 1 | AG47: =IFERROR(AVERAGE(F47,K47,P47,U47,Z47),"-") -> 6
B48: Salomão Charbel | AB48: =COUNTIF(C48:Z48,"P") -> 0 | AC48: =SUM(D48,I48,N48,S48,X48) -> 0 | AD48: =SUM(E48,J48,O48,T48,Y48) -> 0 | AE48: =SUM(AC48+AD48) -> 0 | AF48: =COUNTIF(G48:AA48,"F") -> 0 | AG48: =IFERROR(AVERAGE(F48,K48,P48,U48,Z48),"-") -> -
B49: Thiago Amorim - Caputira | M49: P | N49: 0 | O49: 0 | P49: 4.58 | R49: P | S49: 0 | T49: 1 | U49: 5.42 | W49: - | X49: - | Y49: - | Z49: - | AB49: =COUNTIF(C49:Z49,"P") -> 2 | AC49: =SUM(D49,I49,N49,S49,X49) -> 0 | AD49: =SUM(E49,J49,O49,T49,Y49) -> 1 | AE49: =SUM(AC49+AD49) -> 1 | AF49: =COUNTIF(G49:AA49,"F") -> 0 | AG49: =IFERROR(AVERAGE(F49,K49,P49,U49,Z49),"-") -> 5
B50: Wanderson Santiago | C50: P | D50: 5 | E50: 2 | F50: 7.7 | M50: P | N50: 2 | O50: 0 | P50: 6.34 | W50: - | X50: - | Y50: - | Z50: - | AB50: =COUNTIF(C50:Z50,"P") -> 2 | AC50: =SUM(D50,I50,N50,S50,X50) -> 7 | AD50: =SUM(E50,J50,O50,T50,Y50) -> 2 | AE50: =SUM(AC50+AD50) -> 9 | AF50: =COUNTIF(G50:AA50,"F") -> 0 | AG50: =IFERROR(AVERAGE(F50,K50,P50,U50,Z50),"-") -> 7.02
B51: Wellington Leite | AB51: =COUNTIF(C51:Z51,"P") -> 0 | AC51: =SUM(D51,I51,N51,S51,X51) -> 0 | AD51: =SUM(E51,J51,O51,T51,Y51) -> 0 | AE51: =SUM(AC51+AD51) -> 0 | AF51: =COUNTIF(G51:AA51,"F") -> 0 | AG51: =IFERROR(AVERAGE(F51,K51,P51,U51,Z51),"-") -> -
B52: Yamam Fagundes | AB52: =COUNTIF(C52:Z52,"P") -> 0 | AC52: =SUM(D52,I52,N52,S52,X52) -> 0 | AD52: =SUM(E52,J52,O52,T52,Y52) -> 0 | AE52: =SUM(AC52+AD52) -> 0 | AF52: =COUNTIF(G52:AA52,"F") -> 0 | AG52: =IFERROR(AVERAGE(F52,K52,P52,U52,Z52),"-") -> -

Sheet JUN
B1: PELADA DA RESENHA - TERÇA 20H
B3: JOGADOR | C3: 45811 | H3: =C3+7 -> 45818 | M3: =H3+7 -> 45825 | R3: =M3+7 -> 45832 | W3: - | AB3: PRESENÇA | AC3: GOLS TOTAIS | AD3: ASSIST TOTAIS | AE3: G+A | AG3: MÉDIA TOTAL
C4: PRESENTE | D4: GOL | E4: ASSIST | F4: NOTA | H4: PRESENTE | I4: GOL | J4: ASSIST | K4: NOTA | M4: PRESENTE | N4: GOL | O4: ASSIST | P4: NOTA | R4: PRESENTE | S4: GOL | T4: ASSIST | U4: NOTA | W4: PRESENTE | X4: GOL | Y4: ASSIST | Z4: NOTA
B5: Alberto Henrique | H5: P | I5: 0 | J5: 0 | K5: 3.6 | M5: P | N5: 0 | O5: 1 | P5: 6.06 | R5: P | S5: 1 | T5: 1 | U5: 6.16 | V5: F | AB5: =COUNTIF(C5:Z5,"P") -> 3 | AC5: =SUM(D5,I5,N5,S5,X5) -> 1 | AD5: =SUM(E5,J5,O5,T5,Y5) -> 2 | AE5: =SUM(AC5+AD5) -> 3 | AF5: =COUNTIF(G5:AA5,"F") -> 1 | AG5: =IFERROR(AVERAGE(F5,K5,P5,U5,Z5),"-") -> 5.2733333
B6: Allan Borela | AB6: =COUNTIF(C6:Z6,"P") -> 0 | AC6: =SUM(D6,I6,N6,S6,X6) -> 0 | AD6: =SUM(E6,J6,O6,T6,Y6) -> 0 | AE6: =SUM(AC6+AD6) -> 0 | AF6: =COUNTIF(G6:AA6,"F") -> 0 | AG6: =IFERROR(AVERAGE(F6,K6,P6,U6,Z6),"-") -> -
B7: Breno (GK) | AB7: =COUNTIF(C7:Z7,"P") -> 0 | AC7: =SUM(D7,I7,N7,S7,X7) -> 0 | AD7: =SUM(E7,J7,O7,T7,Y7) -> 0 | AE7: =SUM(AC7+AD7) -> 0 | AF7: =COUNTIF(G7:AA7,"F") -> 0 | AG7: =IFERROR(AVERAGE(F7,K7,P7,U7,Z7),"-") -> -
B8: Daniel Medeiros (GK) | G8: F | AB8: =COUNTIF(C8:Z8,"P") -> 0 | AC8: =SUM(D8,I8,N8,S8,X8) -> 0 | AD8: =SUM(E8,J8,O8,T8,Y8) -> 0 | AE8: =SUM(AC8+AD8) -> 0 | AF8: =COUNTIF(G8:AA8,"F") -> 1 | AG8: =IFERROR(AVERAGE(F8,K8,P8,U8,Z8),"-") -> -
B9: David Melo | M9: P | N9: 1 | O9: 0 | P9: 5.4 | R9: P | S9: 2 | T9: 1 | U9: 6 | AB9: =COUNTIF(C9:Z9,"P") -> 2 | AC9: =SUM(D9,I9,N9,S9,X9) -> 3 | AD9: =SUM(E9,J9,O9,T9,Y9) -> 1 | AE9: =SUM(AC9+AD9) -> 4 | AF9: =COUNTIF(G9:AA9,"F") -> 0 | AG9: =IFERROR(AVERAGE(F9,K9,P9,U9,Z9),"-") -> 5.7
B10: Douglas DG (GK) | C10: P | D10: 0 | E10: 0 | F10: 7.46 | M10: P | N10: 0 | O10: 0 | P10: 6.74 | R10: P | S10: 0 | T10: 0 | U10: - | AB10: =COUNTIF(C10:Z10,"P") -> 3 | AC10: =SUM(D10,I10,N10,S10,X10) -> 0 | AD10: =SUM(E10,J10,O10,T10,Y10) -> 0 | AE10: =SUM(AC10+AD10) -> 0 | AF10: =COUNTIF(G10:AA10,"F") -> 0 | AG10: =IFERROR(AVERAGE(F10,K10,P10,U10,Z10),"-") -> 7.1
B11: Felipe Horsts | C11: P | D11: 2 | E11: 0 | F11: 7.74 | G11: F | H11: P | I11: 2 | J11: 4 | K11: 7.14 | M11: P | N11: 1 | O11: 1 | P11: 6.34 | AB11: =COUNTIF(C11:Z11,"P") -> 3 | AC11: =SUM(D11,I11,N11,S11,X11) -> 5 | AD11: =SUM(E11,J11,O11,T11,Y11) -> 5 | AE11: =SUM(AC11+AD11) -> 10 | AF11: =COUNTIF(G11:AA11,"F") -> 1 | AG11: =IFERROR(AVERAGE(F11,K11,P11,U11,Z11),"-") -> 7.0733333
B12: Gabriel Andrade | C12: P | D12: 0 | E12: 1 | F12: 2.8 | H12: P | I12: 1 | J12: 0 | K12: 3.72 | M12: P | N12: 5 | O12: 2 | P12: 7.8 | Q12: F | R12: P | S12: 2 | T12: 0 | U12: 6.06 | AB12: =COUNTIF(C12:Z12,"P") -> 4 | AC12: =SUM(D12,I12,N12,S12,X12) -> 8 | AD12: =SUM(E12,J12,O12,T12,Y12) -> 3 | AE12: =SUM(AC12+AD12) -> 11 | AF12: =COUNTIF(G12:AA12,"F") -> 1 | AG12: =IFERROR(AVERAGE(F12,K12,P12,U12,Z12),"-") -> 5.095
B13: Gabriel Castro | C13: P | D13: 0 | E13: 0 | F13: 3.46 | H13: P | I13: 0 | J13: 0 | K13: 4.08 | M13: P | N13: 0 | O13: 2 | P13: 6.6 | Q13: F | R13: P | S13: 0 | T13: 1 | U13: 5.28 | AB13: =COUNTIF(C13:Z13,"P") -> 4 | AC13: =SUM(D13,I13,N13,S13,X13) -> 0 | AD13: =SUM(E13,J13,O13,T13,Y13) -> 3 | AE13: =SUM(AC13+AD13) -> 3 | AF13: =COUNTIF(G13:AA13,"F") -> 1 | AG13: =IFERROR(AVERAGE(F13,K13,P13,U13,Z13),"-") -> 4.855
B14: Gabriel Cosendey | R14: P | S14: 0 | T14: 0 | U14: 5.56 | AB14: =COUNTIF(C14:Z14,"P") -> 1 | AC14: =SUM(D14,I14,N14,S14,X14) -> 0 | AD14: =SUM(E14,J14,O14,T14,Y14) -> 0 | AE14: =SUM(AC14+AD14) -> 0 | AF14: =COUNTIF(G14:AA14,"F") -> 0 | AG14: =IFERROR(AVERAGE(F14,K14,P14,U14,Z14),"-") -> 5.56
B15: Gabriel Teixeira | AB15: =COUNTIF(C15:Z15,"P") -> 0 | AC15: =SUM(D15,I15,N15,S15,X15) -> 0 | AD15: =SUM(E15,J15,O15,T15,Y15) -> 0 | AE15: =SUM(AC15+AD15) -> 0 | AF15: =COUNTIF(G15:AA15,"F") -> 0 | AG15: =IFERROR(AVERAGE(F15,K15,P15,U15,Z15),"-") -> -
B16: Guilherme Santos (GK) | C16: P | D16: 0 | E16: 0 | F16: 7.66 | H16: P | I16: 0 | J16: 0 | K16: 7.78 | L16: F | M16: P | N16: 0 | O16: 0 | P16: 7.74 | Q16: F | R16: P | S16: 0 | T16: 0 | U16: - | AB16: =COUNTIF(C16:Z16,"P") -> 4 | AC16: =SUM(D16,I16,N16,S16,X16) -> 0 | AD16: =SUM(E16,J16,O16,T16,Y16) -> 0 | AE16: =SUM(AC16+AD16) -> 0 | AF16: =COUNTIF(G16:AA16,"F") -> 2 | AG16: =IFERROR(AVERAGE(F16,K16,P16,U16,Z16),"-") -> 7.7266667
B17: Gustavo Bumbum (GK) | C17: P | D17: 0 | E17: 0 | F17: 4.32 | H17: P | I17: 0 | J17: 0 | K17: 5.08 | M17: P | N17: 0 | O17: 0 | P17: 4.76 | R17: P | S17: 0 | T17: 0 | U17: - | AB17: =COUNTIF(C17:Z17,"P") -> 4 | AC17: =SUM(D17,I17,N17,S17,X17) -> 0 | AD17: =SUM(E17,J17,O17,T17,Y17) -> 0 | AE17: =SUM(AC17+AD17) -> 0 | AF17: =COUNTIF(G17:AA17,"F") -> 0 | AG17: =IFERROR(AVERAGE(F17,K17,P17,U17,Z17),"-") -> 4.72
B18: Gustavo Gomes | AB18: =COUNTIF(C18:Z18,"P") -> 0 | AC18: =SUM(D18,I18,N18,S18,X18) -> 0 | AD18: =SUM(E18,J18,O18,T18,Y18) -> 0 | AE18: =SUM(AC18+AD18) -> 0 | AF18: =COUNTIF(G18:AA18,"F") -> 0 | AG18: =IFERROR(AVERAGE(F18,K18,P18,U18,Z18),"-") -> -
B19: Henrique Viza | C19: P | D19: 2 | E19: 0 | F19: 6.46 | M19: P | N19: 0 | O19: 1 | P19: 4.4 | AB19: =COUNTIF(C19:Z19,"P") -> 2 | AC19: =SUM(D19,I19,N19,S19,X19) -> 2 | AD19: =SUM(E19,J19,O19,T19,Y19) -> 1 | AE19: =SUM(AC19+AD19) -> 3 | AF19: =COUNTIF(G19:AA19,"F") -> 0 | AG19: =IFERROR(AVERAGE(F19,K19,P19,U19,Z19),"-") -> 5.43
B20: Jeferson Neves | AB20: =COUNTIF(C20:Z20,"P") -> 0 | AC20: =SUM(D20,I20,N20,S20,X20) -> 0 | AD20: =SUM(E20,J20,O20,T20,Y20) -> 0 | AE20: =SUM(AC20+AD20) -> 0 | AF20: =COUNTIF(G20:AA20,"F") -> 0 | AG20: =IFERROR(AVERAGE(F20,K20,P20,U20,Z20),"-") -> -
B21: João Victor - Bazim | R21: P | S21: 0 | T21: 0 | U21: 5 | AB21: =COUNTIF(C21:Z21,"P") -> 1 | AC21: =SUM(D21,I21,N21,S21,X21) -> 0 | AD21: =SUM(E21,J21,O21,T21,Y21) -> 0 | AE21: =SUM(AC21+AD21) -> 0 | AF21: =COUNTIF(G21:AA21,"F") -> 0 | AG21: =IFERROR(AVERAGE(F21,K21,P21,U21,Z21),"-") -> 5
B22: João Vitor Nunes | C22: P | D22: 3 | E22: 3 | F22: 5.14 | G22: F | H22: P | I22: 2 | J22: 0 | K22: 5.36 | L22: F | M22: P | N22: 3 | O22: 1 | P22: 5 | R22: P | S22: 2 | T22: 1 | U22: 5.22 | AB22: =COUNTIF(C22:Z22,"P") -> 4 | AC22: =SUM(D22,I22,N22,S22,X22) -> 10 | AD22: =SUM(E22,J22,O22,T22,Y22) -> 5 | AE22: =SUM(AC22+AD22) -> 15 | AF22: =COUNTIF(G22:AA22,"F") -> 2 | AG22: =IFERROR(AVERAGE(F22,K22,P22,U22,Z22),"-") -> 5.18
B23: José Guilherme | H23: P | I23: 2 | J23: 3 | K23: 6.08 | L23: F | M23: P | N23: 2 | O23: 1 | P23: 5.66 | R23: P | S23: 0 | T23: 1 | U23: 5.16 | AB23: =COUNTIF(C23:Z23,"P") -> 3 | AC23: =SUM(D23,I23,N23,S23,X23) -> 4 | AD23: =SUM(E23,J23,O23,T23,Y23) -> 5 | AE23: =SUM(AC23+AD23) -> 9 | AF23: =COUNTIF(G23:AA23,"F") -> 1 | AG23: =IFERROR(AVERAGE(F23,K23,P23,U23,Z23),"-") -> 5.6333333
B24: Kyrius Barros | C24: P | D24: 2 | E24: 0 | F24: 3.46 | H24: P | I24: 3 | J24: 2 | K24: 5.14 | M24: P | N24: 4 | O24: 2 | P24: 7.34 | Q24: F | R24: P | S24: 3 | T24: 2 | U24: 4.84 | AB24: =COUNTIF(C24:Z24,"P") -> 4 | AC24: =SUM(D24,I24,N24,S24,X24) -> 12 | AD24: =SUM(E24,J24,O24,T24,Y24) -> 6 | AE24: =SUM(AC24+AD24) -> 18 | AF24: =COUNTIF(G24:AA24,"F") -> 1 | AG24: =IFERROR(AVERAGE(F24,K24,P24,U24,Z24),"-") -> 5.195
B25: Leo Bitencourt | C25: P | D25: 0 | E25: 0 | F25: 5.26 | H25: P | I25: 1 | J25: 0 | K25: 6.34 | M25: P | N25: 0 | O25: 1 | P25: 6.06 | R25: P | S25: 0 | T25: 0 | U25: 5 | V25: F | AB25: =COUNTIF(C25:Z25,"P") -> 4 | AC25: =SUM(D25,I25,N25,S25,X25) -> 1 | AD25: =SUM(E25,J25,O25,T25,Y25) -> 1 | AE25: =SUM(AC25+AD25) -> 2 | AF25: =COUNTIF(G25:AA25,"F") -> 1 | AG25: =IFERROR(AVERAGE(F25,K25,P25,U25,Z25),"-") -> 5.665
B26: Leo Hubner | AB26: =COUNTIF(C26:Z26,"P") -> 0 | AC26: =SUM(D26,I26,N26,S26,X26) -> 0 | AD26: =SUM(E26,J26,O26,T26,Y26) -> 0 | AE26: =SUM(AC26+AD26) -> 0 | AF26: =COUNTIF(G26:AA26,"F") -> 0 | AG26: =IFERROR(AVERAGE(F26,K26,P26,U26,Z26),"-") -> -
B27: Leo Starling | C27: P | D27: 0 | E27: 1 | F27: 5.4 | H27: P | I27: 1 | J27: 1 | K27: 4.8 | AB27: =COUNTIF(C27:Z27,"P") -> 2 | AC27: =SUM(D27,I27,N27,S27,X27) -> 1 | AD27: =SUM(E27,J27,O27,T27,Y27) -> 2 | AE27: =SUM(AC27+AD27) -> 3 | AF27: =COUNTIF(G27:AA27,"F") -> 0 | AG27: =IFERROR(AVERAGE(F27,K27,P27,U27,Z27),"-") -> 5.1
B28: Lucas Bertolace | AB28: =COUNTIF(C28:Z28,"P") -> 0 | AC28: =SUM(D28,I28,N28,S28,X28) -> 0 | AD28: =SUM(E28,J28,O28,T28,Y28) -> 0 | AE28: =SUM(AC28+AD28) -> 0 | AF28: =COUNTIF(G28:AA28,"F") -> 0 | AG28: =IFERROR(AVERAGE(F28,K28,P28,U28,Z28),"-") -> -
B29: Lucas Borela | AB29: =COUNTIF(C29:Z29,"P") -> 0 | AC29: =SUM(D29,I29,N29,S29,X29) -> 0 | AD29: =SUM(E29,J29,O29,T29,Y29) -> 0 | AE29: =SUM(AC29+AD29) -> 0 | AF29: =COUNTIF(G29:AA29,"F") -> 0 | AG29: =IFERROR(AVERAGE(F29,K29,P29,U29,Z29),"-") -> -
B30: Lucas Gama - Passarim | AB30: =COUNTIF(C30:Z30,"P") -> 0 | AC30: =SUM(D30,I30,N30,S30,X30) -> 0 | AD30: =SUM(E30,J30,O30,T30,Y30) -> 0 | AE30: =SUM(AC30+AD30) -> 0 | AF30: =COUNTIF(G30:AA30,"F") -> 0 | AG30: =IFERROR(AVERAGE(F30,K30,P30,U30,Z30),"-") -> -
B31: Lucas Leite - Coxinha | C31: P | D31: 0 | E31: 2 | F31: 5.46 | G31: F | H31: P | I31: 1 | J31: 1 | K31: 5.64 | M31: P | N31: 2 | O31: 1 | P31: 7.34 | Q31: F | R31: P | S31: 2 | T31: 1 | U31: 6.12 | AB31: =COUNTIF(C31:Z31,"P") -> 4 | AC31: =SUM(D31,I31,N31,S31,X31) -> 5 | AD31: =SUM(E31,J31,O31,T31,Y31) -> 5 | AE31: =SUM(AC31+AD31) -> 10 | AF31: =COUNTIF(G31:AA31,"F") -> 2 | AG31: =IFERROR(AVERAGE(F31,K31,P31,U31,Z31),"-") -> 6.14
B32: Luis do Corte | AB32: =COUNTIF(C32:Z32,"P") -> 0 | AC32: =SUM(D32,I32,N32,S32,X32) -> 0 | AD32: =SUM(E32,J32,O32,T32,Y32) -> 0 | AE32: =SUM(AC32+AD32) -> 0 | AF32: =COUNTIF(G32:AA32,"F") -> 0 | AG32: =IFERROR(AVERAGE(F32,K32,P32,U32,Z32),"-") -> -
B33: Marcelo Castro | R33: P | S33: 1 | T33: 0 | U33: 5.94 | AB33: =COUNTIF(C33:Z33,"P") -> 1 | AC33: =SUM(D33,I33,N33,S33,X33) -> 1 | AD33: =SUM(E33,J33,O33,T33,Y33) -> 0 | AE33: =SUM(AC33+AD33) -> 1 | AF33: =COUNTIF(G33:AA33,"F") -> 0 | AG33: =IFERROR(AVERAGE(F33,K33,P33,U33,Z33),"-") -> 5.94
B34: Marco Antonio | AB34: =COUNTIF(C34:Z34,"P") -> 0 | AC34: =SUM(D34,I34,N34,S34,X34) -> 0 | AD34: =SUM(E34,J34,O34,T34,Y34) -> 0 | AE34: =SUM(AC34+AD34) -> 0 | AF34: =COUNTIF(G34:AA34,"F") -> 0 | AG34: =IFERROR(AVERAGE(F34,K34,P34,U34,Z34),"-") -> -
B35: Matheus Gomes | H35: P | I35: 1 | J35: 1 | K35: 3.92 | M35: P | N35: 2 | O35: 1 | P35: 4.26 | R35: P | S35: 4 | T35: 1 | U35: 5.88 | V35: F | AB35: =COUNTIF(C35:Z35,"P") -> 3 | AC35: =SUM(D35,I35,N35,S35,X35) -> 7 | AD35: =SUM(E35,J35,O35,T35,Y35) -> 3 | AE35: =SUM(AC35+AD35) -> 10 | AF35: =COUNTIF(G35:AA35,"F") -> 1 | AG35: =IFERROR(AVERAGE(F35,K35,P35,U35,Z35),"-") -> 4.6866667
B36: Meurin | C36: P | D36: 1 | E36: 2 | F36: 4.68 | H36: P | I36: 2 | J36: 3 | K36: 6.14 | L36: F | M36: P | N36: 1 | O36: 1 | P36: 5.32 | R36: P | S36: 0 | T36: 2 | U36: 4.34 | AB36: =COUNTIF(C36:Z36,"P") -> 4 | AC36: =SUM(D36,I36,N36,S36,X36) -> 4 | AD36: =SUM(E36,J36,O36,T36,Y36) -> 8 | AE36: =SUM(AC36+AD36) -> 12 | AF36: =COUNTIF(G36:AA36,"F") -> 1 | AG36: =IFERROR(AVERAGE(F36,K36,P36,U36,Z36),"-") -> 5.12
B37: Pablo Brandão | AB37: =COUNTIF(C37:Z37,"P") -> 0 | AC37: =SUM(D37,I37,N37,S37,X37) -> 0 | AD37: =SUM(E37,J37,O37,T37,Y37) -> 0 | AE37: =SUM(AC37+AD37) -> 0 | AF37: =COUNTIF(G37:AA37,"F") -> 0 | AG37: =IFERROR(AVERAGE(F37,K37,P37,U37,Z37),"-") -> -
B38: Pedro Abreu | AB38: =COUNTIF(C38:Z38,"P") -> 0 | AC38: =SUM(D38,I38,N38,S38,X38) -> 0 | AD38: =SUM(E38,J38,O38,T38,Y38) -> 0 | AE38: =SUM(AC38+AD38) -> 0 | AF38: =COUNTIF(G38:AA38,"F") -> 0 | AG38: =IFERROR(AVERAGE(F38,K38,P38,U38,Z38),"-") -> -
B39: Pedro Chequer | C39: P | D39: 0 | E39: 0 | F39: 4.86 | AB39: =COUNTIF(C39:Z39,"P") -> 1 | AC39: =SUM(D39,I39,N39,S39,X39) -> 0 | AD39: =SUM(E39,J39,O39,T39,Y39) -> 0 | AE39: =SUM(AC39+AD39) -> 0 | AF39: =COUNTIF(G39:AA39,"F") -> 0 | AG39: =IFERROR(AVERAGE(F39,K39,P39,U39,Z39),"-") -> 4.86
B40: Pedro Dias | C40: P | D40: 1 | E40: 4 | F40: 7.66 | G40: F | H40: P | I40: 1 | J40: 5 | K40: 7.58 | L40: F | M40: P | N40: 3 | O40: 5 | P40: 7.86 | Q40: F | R40: P | S40: 1 | T40: 1 | U40: 7.22 | V40: F | AB40: =COUNTIF(C40:Z40,"P") -> 4 | AC40: =SUM(D40,I40,N40,S40,X40) -> 6 | AD40: =SUM(E40,J40,O40,T40,Y40) -> 15 | AE40: =SUM(AC40+AD40) -> 21 | AF40: =COUNTIF(G40:AA40,"F") -> 4 | AG40: =IFERROR(AVERAGE(F40,K40,P40,U40,Z40),"-") -> 7.58
B41: Pierre Paulo | C41: P | D41: 0 | E41: 0 | F41: 3.6 | H41: P | I41: 2 | J41: 0 | K41: 7.28 | L41: F | M41: P | N41: 1 | O41: 1 | P41: 8.46 | Q41: F | R41: P | S41: 0 | T41: 0 | U41: 6.78 | AB41: =COUNTIF(C41:Z41,"P") -> 4 | AC41: =SUM(D41,I41,N41,S41,X41) -> 3 | AD41: =SUM(E41,J41,O41,T41,Y41) -> 1 | AE41: =SUM(AC41+AD41) -> 4 | AF41: =COUNTIF(G41:AA41,"F") -> 2 | AG41: =IFERROR(AVERAGE(F41,K41,P41,U41,Z41),"-") -> 6.53
B42: Rafael Mendes | C42: P | D42: 1 | E42: 2 | F42: 4.74 | AB42: =COUNTIF(C42:Z42,"P") -> 1 | AC42: =SUM(D42,I42,N42,S42,X42) -> 1 | AD42: =SUM(E42,J42,O42,T42,Y42) -> 2 | AE42: =SUM(AC42+AD42) -> 3 | AF42: =COUNTIF(G42:AA42,"F") -> 0 | AG42: =IFERROR(AVERAGE(F42,K42,P42,U42,Z42),"-") -> 4.74
B43: Rafael Vasconcelos | M43: P | N43: 0 | O43: 1 | P43: 5.74 | U43: 5.56 | AB43: =COUNTIF(C43:Z43,"P") -> 1 | AC43: =SUM(D43,I43,N43,S43,X43) -> 0 | AD43: =SUM(E43,J43,O43,T43,Y43) -> 1 | AE43: =SUM(AC43+AD43) -> 1 | AF43: =COUNTIF(G43:AA43,"F") -> 0 | AG43: =IFERROR(AVERAGE(F43,K43,P43,U43,Z43),"-") -> 5.65
B44: Raphael Ambrosio | C44: P | D44: 0 | E44: 0 | F44: 4 | AB44: =COUNTIF(C44:Z44,"P") -> 1 | AC44: =SUM(D44,I44,N44,S44,X44) -> 0 | AD44: =SUM(E44,J44,O44,T44,Y44) -> 0 | AE44: =SUM(AC44+AD44) -> 0 | AF44: =COUNTIF(G44:AA44,"F") -> 0 | AG44: =IFERROR(AVERAGE(F44,K44,P44,U44,Z44),"-") -> 4
B45: Reinaldo Santana | C45: P | D45: 1 | E45: 0 | F45: 6.26 | G45: F | H45: P | I45: 0 | J45: 0 | K45: 4.14 | M45: P | N45: 0 | O45: 2 | P45: 5.26 | R45: P | S45: 1 | T45: 2 | U45: 6.28 | V45: F | AB45: =COUNTIF(C45:Z45,"P") -> 4 | AC45: =SUM(D45,I45,N45,S45,X45) -> 2 | AD45: =SUM(E45,J45,O45,T45,Y45) -> 4 | AE45: =SUM(AC45+AD45) -> 6 | AF45: =COUNTIF(G45:AA45,"F") -> 2 | AG45: =IFERROR(AVERAGE(F45,K45,P45,U45,Z45),"-") -> 5.485
B46: Ricardo Marchesini (GK) | H46: P | I46: 0 | J46: 0 | K46: 5.5 | AB46: =COUNTIF(C46:Z46,"P") -> 1 | AC46: =SUM(D46,I46,N46,S46,X46) -> 0 | AD46: =SUM(E46,J46,O46,T46,Y46) -> 0 | AE46: =SUM(AC46+AD46) -> 0 | AF46: =COUNTIF(G46:AA46,"F") -> 0 | AG46: =IFERROR(AVERAGE(F46,K46,P46,U46,Z46),"-") -> 5.5
B47: Ruan Amorim | H47: P | I47: 2 | J47: 0 | K47: 6.64 | L47: F | R47: P | S47: 1 | T47: 3 | U47: 6.72 | AB47: =COUNTIF(C47:Z47,"P") -> 2 | AC47: =SUM(D47,I47,N47,S47,X47) -> 3 | AD47: =SUM(E47,J47,O47,T47,Y47) -> 3 | AE47: =SUM(AC47+AD47) -> 6 | AF47: =COUNTIF(G47:AA47,"F") -> 1 | AG47: =IFERROR(AVERAGE(F47,K47,P47,U47,Z47),"-") -> 6.68
B48: Salomão Charbel | AB48: =COUNTIF(C48:Z48,"P") -> 0 | AC48: =SUM(D48,I48,N48,S48,X48) -> 0 | AD48: =SUM(E48,J48,O48,T48,Y48) -> 0 | AE48: =SUM(AC48+AD48) -> 0 | AF48: =COUNTIF(G48:AA48,"F") -> 0 | AG48: =IFERROR(AVERAGE(F48,K48,P48,U48,Z48),"-") -> -
B49: Thiago Amorim - Caputira | AB49: =COUNTIF(C49:Z49,"P") -> 0 | AC49: =SUM(D49,I49,N49,S49,X49) -> 0 | AD49: =SUM(E49,J49,O49,T49,Y49) -> 0 | AE49: =SUM(AC49+AD49) -> 0 | AF49: =COUNTIF(G49:AA49,"F") -> 0 | AG49: =IFERROR(AVERAGE(F49,K49,P49,U49,Z49),"-") -> -
B50: Wanderson Santiago | C50: P | D50: 3 | E50: 2 | F50: 5.86 | R50: P | S50: 4 | T50: 0 | U50: 6.12 | AB50: =COUNTIF(C50:Z50,"P") -> 2 | AC50: =SUM(D50,I50,N50,S50,X50) -> 7 | AD50: =SUM(E50,J50,O50,T50,Y50) -> 2 | AE50: =SUM(AC50+AD50) -> 9 | AF50: =COUNTIF(G50:AA50,"F") -> 0 | AG50: =IFERROR(AVERAGE(F50,K50,P50,U50,Z50),"-") -> 5.99
B51: Wellington Leite | AB51: =COUNTIF(C51:Z51,"P") -> 0 | AC51: =SUM(D51,I51,N51,S51,X51) -> 0 | AD51: =SUM(E51,J51,O51,T51,Y51) -> 0 | AE51: =SUM(AC51+AD51) -> 0 | AF51: =COUNTIF(G51:AA51,"F") -> 0 | AG51: =IFERROR(AVERAGE(F51,K51,P51,U51,Z51),"-") -> -
B52: Yamam Fagundes | AB52: =COUNTIF(C52:Z52,"P") -> 0 | AC52: =SUM(D52,I52,N52,S52,X52) -> 0 | AD52: =SUM(E52,J52,O52,T52,Y52) -> 0 | AE52: =SUM(AC52+AD52) -> 0 | AF52: =COUNTIF(G52:AA52,"F") -> 0 | AG52: =IFERROR(AVERAGE(F52,K52,P52,U52,Z52),"-") -> -

Sheet JUL
B1: PELADA DA RESENHA - TERÇA 20H
B3: JOGADOR | C3: 45839 | H3: =C3+7 -> 45846 | M3: =H3+7 -> 45853 | R3: =M3+7 -> 45860 | W3: =R3+7 -> 45867 | AB3: PRESENÇA | AC3: GOLS TOTAIS | AD3: ASSIST TOTAIS | AE3: G+A | AF3: FOTO | AG3: MÉDIA TOTAL
C4: PRESENTE | D4: GOL | E4: ASSIST | F4: NOTA | G4: FOTO | H4: PRESENTE | I4: GOL | J4: ASSIST | K4: NOTA | L4: FOTO | M4: PRESENTE | N4: GOL | O4: ASSIST | P4: NOTA | Q4: FOTO | R4: PRESENTE | S4: GOL | T4: ASSIST | U4: NOTA | V4: FOTO | W4: PRESENTE | X4: GOL | Y4: ASSIST | Z4: NOTA | AA4: FOTO
B5: Alberto Henrique | C5: P | D5: 1 | E5: 3 | F5: 5.5 | H5: P | I5: 3 | J5: 2 | K5: 6.26 | M5: P | N5: 3 | O5: 0 | P5: 7.08 | Q5: F | R5: P | S5: 0 | T5: 1 | U5: 5 | W5: P | X5: 0 | Y5: 0 | Z5: 5.64 | AB5: =COUNTIF(C5:Z5,"P") -> 5 | AC5: =SUM(D5,I5,N5,S5,X5) -> 7 | AD5: =SUM(E5,J5,O5,T5,Y5) -> 6 | AE5: =SUM(AC5+AD5) -> 13 | AF5: =COUNTIF(G5:AA5,"F") -> 1 | AG5: =IFERROR(AVERAGE(F5,K5,P5,U5,Z5),"-") -> 5.896
B6: Allan Borela | AB6: =COUNTIF(C6:Z6,"P") -> 0 | AC6: =SUM(D6,I6,N6,S6,X6) -> 0 | AD6: =SUM(E6,J6,O6,T6,Y6) -> 0 | AE6: =SUM(AC6+AD6) -> 0 | AF6: =COUNTIF(G6:AA6,"F") -> 0 | AG6: =IFERROR(AVERAGE(F6,K6,P6,U6,Z6),"-") -> -
B7: Breno (GK) | AB7: =COUNTIF(C7:Z7,"P") -> 0 | AC7: =SUM(D7,I7,N7,S7,X7) -> 0 | AD7: =SUM(E7,J7,O7,T7,Y7) -> 0 | AE7: =SUM(AC7+AD7) -> 0 | AF7: =COUNTIF(G7:AA7,"F") -> 0 | AG7: =IFERROR(AVERAGE(F7,K7,P7,U7,Z7),"-") -> -
B8: Daniel Medeiros (GK) | M8: P | N8: 0 | O8: 0 | P8: 6.58 | Q8: F | W8: P | X8: 0 | Y8: 0 | Z8: 8.16 | AA8: F | AB8: =COUNTIF(C8:Z8,"P") -> 2 | AC8: =SUM(D8,I8,N8,S8,X8) -> 0 | AD8: =SUM(E8,J8,O8,T8,Y8) -> 0 | AE8: =SUM(AC8+AD8) -> 0 | AF8: =COUNTIF(G8:AA8,"F") -> 2 | AG8: =IFERROR(AVERAGE(F8,K8,P8,U8,Z8),"-") -> 7.37
B9: David Melo | C9: P | D9: 0 | E9: 1 | F9: 5.3 | R9: P | S9: 0 | T9: 0 | U9: 5.3 | V9: F | W9: P | X9: 0 | Y9: 1 | Z9: 6.64 | AA9: F | AB9: =COUNTIF(C9:Z9,"P") -> 3 | AC9: =SUM(D9,I9,N9,S9,X9) -> 0 | AD9: =SUM(E9,J9,O9,T9,Y9) -> 2 | AE9: =SUM(AC9+AD9) -> 2 | AF9: =COUNTIF(G9:AA9,"F") -> 2 | AG9: =IFERROR(AVERAGE(F9,K9,P9,U9,Z9),"-") -> 5.7466667
B10: Douglas DG (GK) | H10: P | I10: 0 | J10: 0 | K10: 3.92 | AB10: =COUNTIF(C10:Z10,"P") -> 1 | AC10: =SUM(D10,I10,N10,S10,X10) -> 0 | AD10: =SUM(E10,J10,O10,T10,Y10) -> 0 | AE10: =SUM(AC10+AD10) -> 0 | AF10: =COUNTIF(G10:AA10,"F") -> 0 | AG10: =IFERROR(AVERAGE(F10,K10,P10,U10,Z10),"-") -> 3.92
B11: Felipe Horsts | H11: P | I11: 4 | J11: 4 | K11: 7.04 | L11: F | R11: P | S11: 1 | T11: 2 | U11: 5.72 | W11: P | X11: 0 | Y11: 1 | Z11: 6.48 | AB11: =COUNTIF(C11:Z11,"P") -> 3 | AC11: =SUM(D11,I11,N11,S11,X11) -> 5 | AD11: =SUM(E11,J11,O11,T11,Y11) -> 7 | AE11: =SUM(AC11+AD11) -> 12 | AF11: =COUNTIF(G11:AA11,"F") -> 1 | AG11: =IFERROR(AVERAGE(F11,K11,P11,U11,Z11),"-") -> 6.4133333
B12: Gabriel Andrade | C12: P | D12: 5 | E12: 3 | F12: 8.3 | G12: F | H12: P | I12: 2 | J12: 1 | K12: 5.66 | M12: P | N12: 3 | O12: 1 | P12: 6.64 | Q12: F | R12: P | S12: 3 | T12: 2 | U12: 7.3 | V12: F | W12: P | X12: 2 | Y12: 0 | Z12: 7.3 | AA12: F | AB12: =COUNTIF(C12:Z12,"P") -> 5 | AC12: =SUM(D12,I12,N12,S12,X12) -> 15 | AD12: =SUM(E12,J12,O12,T12,Y12) -> 7 | AE12: =SUM(AC12+AD12) -> 22 | AF12: =COUNTIF(G12:AA12,"F") -> 4 | AG12: =IFERROR(AVERAGE(F12,K12,P12,U12,Z12),"-") -> 7.04
B13: Gabriel Castro | C13: P | D13: 3 | E13: 1 | F13: 5.7 | G13: F | H13: P | I13: 2 | J13: 1 | K13: 6.08 | L13: F | M13: P | N13: 3 | O13: 2 | P13: 7.08 | Q13: F | AB13: =COUNTIF(C13:Z13,"P") -> 3 | AC13: =SUM(D13,I13,N13,S13,X13) -> 8 | AD13: =SUM(E13,J13,O13,T13,Y13) -> 4 | AE13: =SUM(AC13+AD13) -> 12 | AF13: =COUNTIF(G13:AA13,"F") -> 3 | AG13: =IFERROR(AVERAGE(F13,K13,P13,U13,Z13),"-") -> 6.2866667
B14: Gabriel Cosendey | C14: P | D14: 0 | E14: 1 | F14: 6.8 | G14: F | H14: P | I14: 1 | J14: 0 | K14: 5.52 | AB14: =COUNTIF(C14:Z14,"P") -> 2 | AC14: =SUM(D14,I14,N14,S14,X14) -> 1 | AD14: =SUM(E14,J14,O14,T14,Y14) -> 1 | AE14: =SUM(AC14+AD14) -> 2 | AF14: =COUNTIF(G14:AA14,"F") -> 1 | AG14: =IFERROR(AVERAGE(F14,K14,P14,U14,Z14),"-") -> 6.16
B15: Gabriel Teixeira | AB15: =COUNTIF(C15:Z15,"P") -> 0 | AC15: =SUM(D15,I15,N15,S15,X15) -> 0 | AD15: =SUM(E15,J15,O15,T15,Y15) -> 0 | AE15: =SUM(AC15+AD15) -> 0 | AF15: =COUNTIF(G15:AA15,"F") -> 0 | AG15: =IFERROR(AVERAGE(F15,K15,P15,U15,Z15),"-") -> -
B16: Guilherme Santos (GK) | C16: P | D16: 0 | E16: 0 | F16: 6.96 | H16: P | I16: 0 | J16: 0 | K16: 6.14 | R16: P | S16: 0 | T16: 0 | U16: 7.2 | W16: P | X16: 0 | Y16: 0 | Z16: 6.24 | AB16: =COUNTIF(C16:Z16,"P") -> 4 | AC16: =SUM(D16,I16,N16,S16,X16) -> 0 | AD16: =SUM(E16,J16,O16,T16,Y16) -> 0 | AE16: =SUM(AC16+AD16) -> 0 | AF16: =COUNTIF(G16:AA16,"F") -> 0 | AG16: =IFERROR(AVERAGE(F16,K16,P16,U16,Z16),"-") -> 6.635
B17: Gustavo Bumbum (GK) | C17: P | D17: 0 | E17: 0 | F17: 6.2 | H17: P | I17: 0 | J17: 0 | K17: 7.14 | L17: F | M17: P | N17: 0 | O17: 0 | P17: 5.64 | R17: P | S17: 0 | T17: 0 | U17: 6 | V17: F | W17: P | X17: 0 | Y17: 0 | Z17: 4.76 | AB17: =COUNTIF(C17:Z17,"P") -> 5 | AC17: =SUM(D17,I17,N17,S17,X17) -> 0 | AD17: =SUM(E17,J17,O17,T17,Y17) -> 0 | AE17: =SUM(AC17+AD17) -> 0 | AF17: =COUNTIF(G17:AA17,"F") -> 2 | AG17: =IFERROR(AVERAGE(F17,K17,P17,U17,Z17),"-") -> 5.948
B18: Gustavo Gomes | AB18: =COUNTIF(C18:Z18,"P") -> 0 | AC18: =SUM(D18,I18,N18,S18,X18) -> 0 | AD18: =SUM(E18,J18,O18,T18,Y18) -> 0 | AE18: =SUM(AC18+AD18) -> 0 | AF18: =COUNTIF(G18:AA18,"F") -> 0 | AG18: =IFERROR(AVERAGE(F18,K18,P18,U18,Z18),"-") -> -
B19: Henrique Viza | H19: P | I19: 0 | J19: 0 | K19: 4.34 | M19: P | N19: 0 | O19: 2 | P19: 5.4 | R19: P | S19: 1 | T19: 4 | U19: 5.7 | W19: P | X19: 1 | Y19: 0 | Z19: 5.06 | AB19: =COUNTIF(C19:Z19,"P") -> 4 | AC19: =SUM(D19,I19,N19,S19,X19) -> 2 | AD19: =SUM(E19,J19,O19,T19,Y19) -> 6 | AE19: =SUM(AC19+AD19) -> 8 | AF19: =COUNTIF(G19:AA19,"F") -> 0 | AG19: =IFERROR(AVERAGE(F19,K19,P19,U19,Z19),"-") -> 5.125
B20: Jeferson Neves | AB20: =COUNTIF(C20:Z20,"P") -> 0 | AC20: =SUM(D20,I20,N20,S20,X20) -> 0 | AD20: =SUM(E20,J20,O20,T20,Y20) -> 0 | AE20: =SUM(AC20+AD20) -> 0 | AF20: =COUNTIF(G20:AA20,"F") -> 0 | AG20: =IFERROR(AVERAGE(F20,K20,P20,U20,Z20),"-") -> -
B21: João Victor - Bazim | C21: P | D21: 0 | E21: 0 | F21: 3.28 | H21: P | I21: 1 | J21: 1 | K21: 5.96 | L21: F | M21: P | N21: 1 | O21: 1 | P21: 5.28 | R21: P | S21: 0 | T21: 1 | U21: 5.36 | AB21: =COUNTIF(C21:Z21,"P") -> 4 | AC21: =SUM(D21,I21,N21,S21,X21) -> 2 | AD21: =SUM(E21,J21,O21,T21,Y21) -> 3 | AE21: =SUM(AC21+AD21) -> 5 | AF21: =COUNTIF(G21:AA21,"F") -> 1 | AG21: =IFERROR(AVERAGE(F21,K21,P21,U21,Z21),"-") -> 4.97
B22: João Vitor Nunes | C22: P | D22: 3 | E22: 0 | F22: 5.2 | H22: P | I22: 1 | J22: 2 | K22: 4.22 | M22: P | N22: 6 | O22: 0 | P22: 6.08 | R22: P | S22: 2 | T22: 1 | U22: 4.8 | W22: P | X22: 3 | Y22: 2 | Z22: 5.82 | AA22: F | AB22: =COUNTIF(C22:Z22,"P") -> 5 | AC22: =SUM(D22,I22,N22,S22,X22) -> 15 | AD22: =SUM(E22,J22,O22,T22,Y22) -> 5 | AE22: =SUM(AC22+AD22) -> 20 | AF22: =COUNTIF(G22:AA22,"F") -> 1 | AG22: =IFERROR(AVERAGE(F22,K22,P22,U22,Z22),"-") -> 5.224
B23: José Guilherme | C23: P | D23: 2 | E23: 0 | F23: 6.1 | H23: P | I23: 1 | J23: 1 | K23: 4.86 | M23: P | N23: 2 | O23: 0 | P23: 4.58 | R23: P | S23: 1 | T23: 0 | U23: 5.2 | V23: F | W23: P | X23: 2 | Y23: 2 | Z23: 6.36 | AB23: =COUNTIF(C23:Z23,"P") -> 5 | AC23: =SUM(D23,I23,N23,S23,X23) -> 8 | AD23: =SUM(E23,J23,O23,T23,Y23) -> 3 | AE23: =SUM(AC23+AD23) -> 11 | AF23: =COUNTIF(G23:AA23,"F") -> 1 | AG23: =IFERROR(AVERAGE(F23,K23,P23,U23,Z23),"-") -> 5.42
B24: Kyrius Barros | C24: P | D24: 1 | E24: 0 | F24: 4.96 | H24: P | I24: 0 | J24: 1 | K24: 3.66 | AB24: =COUNTIF(C24:Z24,"P") -> 2 | AC24: =SUM(D24,I24,N24,S24,X24) -> 1 | AD24: =SUM(E24,J24,O24,T24,Y24) -> 1 | AE24: =SUM(AC24+AD24) -> 2 | AF24: =COUNTIF(G24:AA24,"F") -> 0 | AG24: =IFERROR(AVERAGE(F24,K24,P24,U24,Z24),"-") -> 4.31
B25: Leo Bitencourt | C25: P | D25: 0 | E25: 0 | F25: 6.2 | H25: P | I25: 0 | J25: 0 | K25: 5.92 | M25: P | N25: 0 | O25: 0 | P25: 6.46 | Q25: F | R25: P | S25: 0 | T25: 0 | U25: 6.82 | AB25: =COUNTIF(C25:Z25,"P") -> 4 | AC25: =SUM(D25,I25,N25,S25,X25) -> 0 | AD25: =SUM(E25,J25,O25,T25,Y25) -> 0 | AE25: =SUM(AC25+AD25) -> 0 | AF25: =COUNTIF(G25:AA25,"F") -> 1 | AG25: =IFERROR(AVERAGE(F25,K25,P25,U25,Z25),"-") -> 6.35
B26: Leo Hubner | AB26: =COUNTIF(C26:Z26,"P") -> 0 | AC26: =SUM(D26,I26,N26,S26,X26) -> 0 | AD26: =SUM(E26,J26,O26,T26,Y26) -> 0 | AE26: =SUM(AC26+AD26) -> 0 | AF26: =COUNTIF(G26:AA26,"F") -> 0 | AG26: =IFERROR(AVERAGE(F26,K26,P26,U26,Z26),"-") -> -
B27: Leo Starling | C27: P | D27: 0 | E27: 1 | F27: 5.26 | H27: P | I27: 3 | J27: 2 | K27: 5.96 | L27: F | M27: P | N27: 2 | O27: 2 | P27: 5.58 | R27: P | S27: 1 | T27: 2 | U27: 5.54 | V27: F | W27: P | X27: 1 | Y27: 0 | Z27: 5.58 | AA27: F | AB27: =COUNTIF(C27:Z27,"P") -> 5 | AC27: =SUM(D27,I27,N27,S27,X27) -> 7 | AD27: =SUM(E27,J27,O27,T27,Y27) -> 7 | AE27: =SUM(AC27+AD27) -> 14 | AF27: =COUNTIF(G27:AA27,"F") -> 3 | AG27: =IFERROR(AVERAGE(F27,K27,P27,U27,Z27),"-") -> 5.584
B28: Lucas Bertolace | AB28: =COUNTIF(C28:Z28,"P") -> 0 | AC28: =SUM(D28,I28,N28,S28,X28) -> 0 | AD28: =SUM(E28,J28,O28,T28,Y28) -> 0 | AE28: =SUM(AC28+AD28) -> 0 | AF28: =COUNTIF(G28:AA28,"F") -> 0 | AG28: =IFERROR(AVERAGE(F28,K28,P28,U28,Z28),"-") -> -
B29: Lucas Borela | C29: P | D29: 0 | E29: 0 | F29: 5.04 | G29: F | AB29: =COUNTIF(C29:Z29,"P") -> 1 | AC29: =SUM(D29,I29,N29,S29,X29) -> 0 | AD29: =SUM(E29,J29,O29,T29,Y29) -> 0 | AE29: =SUM(AC29+AD29) -> 0 | AF29: =COUNTIF(G29:AA29,"F") -> 1 | AG29: =IFERROR(AVERAGE(F29,K29,P29,U29,Z29),"-") -> 5.04
B30: Lucas Gama - Passarim | W30: P | X30: 3 | Y30: 0 | Z30: 6.06 | AB30: =COUNTIF(C30:Z30,"P") -> 1 | AC30: =SUM(D30,I30,N30,S30,X30) -> 3 | AD30: =SUM(E30,J30,O30,T30,Y30) -> 0 | AE30: =SUM(AC30+AD30) -> 3 | AF30: =COUNTIF(G30:AA30,"F") -> 0 | AG30: =IFERROR(AVERAGE(F30,K30,P30,U30,Z30),"-") -> 6.06
B31: Lucas Leite - Coxinha | C31: P | D31: 2 | E31: 1 | F31: 5.84 | H31: P | I31: 2 | J31: 1 | K31: 5.04 | M31: P | N31: 2 | O31: 1 | P31: 6.58 | Q31: F | R31: P | S31: 2 | T31: 0 | U31: 5.3 | W31: P | X31: 1 | Y31: 3 | Z31: 6.58 | AA31: F | AB31: =COUNTIF(C31:Z31,"P") -> 5 | AC31: =SUM(D31,I31,N31,S31,X31) -> 9 | AD31: =SUM(E31,J31,O31,T31,Y31) -> 6 | AE31: =SUM(AC31+AD31) -> 15 | AF31: =COUNTIF(G31:AA31,"F") -> 2 | AG31: =IFERROR(AVERAGE(F31,K31,P31,U31,Z31),"-") -> 5.868
B32: Luis do Corte | AB32: =COUNTIF(C32:Z32,"P") -> 0 | AC32: =SUM(D32,I32,N32,S32,X32) -> 0 | AD32: =SUM(E32,J32,O32,T32,Y32) -> 0 | AE32: =SUM(AC32+AD32) -> 0 | AF32: =COUNTIF(G32:AA32,"F") -> 0 | AG32: =IFERROR(AVERAGE(F32,K32,P32,U32,Z32),"-") -> -
B33: Marcelo Castro | C33: P | D33: 1 | E33: 0 | F33: 6.1 | G33: F | H33: P | I33: 3 | J33: 0 | K33: 6.08 | M33: P | N33: 1 | O33: 2 | P33: 5.8 | AB33: =COUNTIF(C33:Z33,"P") -> 3 | AC33: =SUM(D33,I33,N33,S33,X33) -> 5 | AD33: =SUM(E33,J33,O33,T33,Y33) -> 2 | AE33: =SUM(AC33+AD33) -> 7 | AF33: =COUNTIF(G33:AA33,"F") -> 1 | AG33: =IFERROR(AVERAGE(F33,K33,P33,U33,Z33),"-") -> 5.9933333
B34: Marco Antonio | C34: P | D34: 1 | E34: 0 | F34: 5.46 | H34: P | I34: 0 | J34: 0 | K34: 5.3 | AB34: =COUNTIF(C34:Z34,"P") -> 2 | AC34: =SUM(D34,I34,N34,S34,X34) -> 1 | AD34: =SUM(E34,J34,O34,T34,Y34) -> 0 | AE34: =SUM(AC34+AD34) -> 1 | AF34: =COUNTIF(G34:AA34,"F") -> 0 | AG34: =IFERROR(AVERAGE(F34,K34,P34,U34,Z34),"-") -> 5.38
B35: Matheus Gomes | H35: P | I35: 1 | J35: 3 | K35: 5.44 | M35: P | N35: 2 | O35: 2 | P35: 5.28 | R35: P | S35: 2 | T35: 0 | U35: 4.8 | W35: P | X35: 3 | Y35: 0 | Z35: 5.48 | AB35: =COUNTIF(C35:Z35,"P") -> 4 | AC35: =SUM(D35,I35,N35,S35,X35) -> 8 | AD35: =SUM(E35,J35,O35,T35,Y35) -> 5 | AE35: =SUM(AC35+AD35) -> 13 | AF35: =COUNTIF(G35:AA35,"F") -> 0 | AG35: =IFERROR(AVERAGE(F35,K35,P35,U35,Z35),"-") -> 5.25
B36: Meurin | C36: P | D36: 0 | E36: 3 | F36: 5.76 | H36: P | I36: 2 | J36: 3 | K36: 3.48 | M36: P | N36: 1 | O36: 2 | P36: 4.08 | R36: P | S36: 2 | T36: 0 | U36: 4.46 | W36: P | X36: 0 | Y36: 2 | Z36: 6.3 | AB36: =COUNTIF(C36:Z36,"P") -> 5 | AC36: =SUM(D36,I36,N36,S36,X36) -> 5 | AD36: =SUM(E36,J36,O36,T36,Y36) -> 10 | AE36: =SUM(AC36+AD36) -> 15 | AF36: =COUNTIF(G36:AA36,"F") -> 0 | AG36: =IFERROR(AVERAGE(F36,K36,P36,U36,Z36),"-") -> 4.816
B37: Pablo Brandão | AB37: =COUNTIF(C37:Z37,"P") -> 0 | AC37: =SUM(D37,I37,N37,S37,X37) -> 0 | AD37: =SUM(E37,J37,O37,T37,Y37) -> 0 | AE37: =SUM(AC37+AD37) -> 0 | AF37: =COUNTIF(G37:AA37,"F") -> 0 | AG37: =IFERROR(AVERAGE(F37,K37,P37,U37,Z37),"-") -> -
B38: Pedro Abreu | AB38: =COUNTIF(C38:Z38,"P") -> 0 | AC38: =SUM(D38,I38,N38,S38,X38) -> 0 | AD38: =SUM(E38,J38,O38,T38,Y38) -> 0 | AE38: =SUM(AC38+AD38) -> 0 | AF38: =COUNTIF(G38:AA38,"F") -> 0 | AG38: =IFERROR(AVERAGE(F38,K38,P38,U38,Z38),"-") -> -
B39: Pedro Chequer | C39: P | D39: 0 | E39: 0 | F39: 5.6 | W39: P | X39: 0 | Y39: 0 | Z39: 5.36 | AB39: =COUNTIF(C39:Z39,"P") -> 2 | AC39: =SUM(D39,I39,N39,S39,X39) -> 0 | AD39: =SUM(E39,J39,O39,T39,Y39) -> 0 | AE39: =SUM(AC39+AD39) -> 0 | AF39: =COUNTIF(G39:AA39,"F") -> 0 | AG39: =IFERROR(AVERAGE(F39,K39,P39,U39,Z39),"-") -> 5.48
B40: Pedro Dias | C40: P | D40: 4 | E40: 0 | F40: 6.5 | H40: P | I40: 1 | J40: 1 | K40: 4.7 | M40: P | N40: 2 | O40: 1 | P40: 5.78 | R40: P | S40: 2 | T40: 2 | U40: 5.6 | V40: F | W40: P | X40: 0 | Y40: 1 | Z40: 5.62 | AB40: =COUNTIF(C40:Z40,"P") -> 5 | AC40: =SUM(D40,I40,N40,S40,X40) -> 9 | AD40: =SUM(E40,J40,O40,T40,Y40) -> 5 | AE40: =SUM(AC40+AD40) -> 14 | AF40: =COUNTIF(G40:AA40,"F") -> 1 | AG40: =IFERROR(AVERAGE(F40,K40,P40,U40,Z40),"-") -> 5.64
B41: Pierre Paulo | C41: P | D41: 0 | E41: 2 | F41: 6.5 | H41: P | I41: 0 | J41: 0 | K41: 5.04 | M41: P | N41: 1 | O41: 0 | P41: 6.62 | R41: P | S41: 0 | T41: 0 | U41: 4.28 | AB41: =COUNTIF(C41:Z41,"P") -> 4 | AC41: =SUM(D41,I41,N41,S41,X41) -> 1 | AD41: =SUM(E41,J41,O41,T41,Y41) -> 2 | AE41: =SUM(AC41+AD41) -> 3 | AF41: =COUNTIF(G41:AA41,"F") -> 0 | AG41: =IFERROR(AVERAGE(F41,K41,P41,U41,Z41),"-") -> 5.61
B42: Rafael Mendes | C42: P | D42: 0 | E42: 0 | F42: 6.34 | G42: F | H42: P | I42: 2 | J42: 3 | K42: 5.66 | M42: P | N42: 1 | O42: 1 | P42: 5.5 | Q42: F | W42: P | X42: 2 | Y42: 3 | Z42: 5.94 | AB42: =COUNTIF(C42:Z42,"P") -> 4 | AC42: =SUM(D42,I42,N42,S42,X42) -> 5 | AD42: =SUM(E42,J42,O42,T42,Y42) -> 7 | AE42: =SUM(AC42+AD42) -> 12 | AF42: =COUNTIF(G42:AA42,"F") -> 2 | AG42: =IFERROR(AVERAGE(F42,K42,P42,U42,Z42),"-") -> 5.86
B43: Rafael Vasconcelos | C43: P | D43: 0 | E43: 0 | F43: 4.96 | AB43: =COUNTIF(C43:Z43,"P") -> 1 | AC43: =SUM(D43,I43,N43,S43,X43) -> 0 | AD43: =SUM(E43,J43,O43,T43,Y43) -> 0 | AE43: =SUM(AC43+AD43) -> 0 | AF43: =COUNTIF(G43:AA43,"F") -> 0 | AG43: =IFERROR(AVERAGE(F43,K43,P43,U43,Z43),"-") -> 4.96
B44: Raphael Ambrosio | C44: P | D44: 0 | E44: 0 | F44: 6.76 | W44: P | X44: 0 | Y44: 0 | Z44: 5.62 | AB44: =COUNTIF(C44:Z44,"P") -> 2 | AC44: =SUM(D44,I44,N44,S44,X44) -> 0 | AD44: =SUM(E44,J44,O44,T44,Y44) -> 0 | AE44: =SUM(AC44+AD44) -> 0 | AF44: =COUNTIF(G44:AA44,"F") -> 0 | AG44: =IFERROR(AVERAGE(F44,K44,P44,U44,Z44),"-") -> 6.19
B45: Reinaldo Santana | C45: P | D45: 0 | E45: 0 | F45: 5.16 | H45: P | I45: 0 | J45: 1 | K45: 6 | L45: F | M45: P | N45: 1 | O45: 1 | P45: 5.5 | R45: P | S45: 0 | T45: 1 | U45: 7.1 | V45: F | W45: P | X45: 0 | Y45: 0 | Z45: 4.82 | AB45: =COUNTIF(C45:Z45,"P") -> 5 | AC45: =SUM(D45,I45,N45,S45,X45) -> 1 | AD45: =SUM(E45,J45,O45,T45,Y45) -> 3 | AE45: =SUM(AC45+AD45) -> 4 | AF45: =COUNTIF(G45:AA45,"F") -> 2 | AG45: =IFERROR(AVERAGE(F45,K45,P45,U45,Z45),"-") -> 5.716
B46: Ricardo Marchesini (GK) | C46: P | D46: 0 | E46: 2 | F46: 6.7 | G46: F | AB46: =COUNTIF(C46:Z46,"P") -> 1 | AC46: =SUM(D46,I46,N46,S46,X46) -> 0 | AD46: =SUM(E46,J46,O46,T46,Y46) -> 2 | AE46: =SUM(AC46+AD46) -> 2 | AF46: =COUNTIF(G46:AA46,"F") -> 1 | AG46: =IFERROR(AVERAGE(F46,K46,P46,U46,Z46),"-") -> 6.7
B47: Ruan Amorim | C47: P | D47: 0 | E47: 0 | F47: 5.96 | H47: P | I47: 1 | J47: 0 | K47: 6 | M47: P | N47: 0 | O47: 0 | P47: 5.08 | W47: P | X47: 1 | Y47: 0 | Z47: 6.48 | AA47: F | AB47: =COUNTIF(C47:Z47,"P") -> 4 | AC47: =SUM(D47,I47,N47,S47,X47) -> 2 | AD47: =SUM(E47,J47,O47,T47,Y47) -> 0 | AE47: =SUM(AC47+AD47) -> 2 | AF47: =COUNTIF(G47:AA47,"F") -> 1 | AG47: =IFERROR(AVERAGE(F47,K47,P47,U47,Z47),"-") -> 5.88
B48: Salomão Charbel | AB48: =COUNTIF(C48:Z48,"P") -> 0 | AC48: =SUM(D48,I48,N48,S48,X48) -> 0 | AD48: =SUM(E48,J48,O48,T48,Y48) -> 0 | AE48: =SUM(AC48+AD48) -> 0 | AF48: =COUNTIF(G48:AA48,"F") -> 0 | AG48: =IFERROR(AVERAGE(F48,K48,P48,U48,Z48),"-") -> -
B49: Thiago Amorim - Caputira | AB49: =COUNTIF(C49:Z49,"P") -> 0 | AC49: =SUM(D49,I49,N49,S49,X49) -> 0 | AD49: =SUM(E49,J49,O49,T49,Y49) -> 0 | AE49: =SUM(AC49+AD49) -> 0 | AF49: =COUNTIF(G49:AA49,"F") -> 0 | AG49: =IFERROR(AVERAGE(F49,K49,P49,U49,Z49),"-") -> -
B50: Wanderson Santiago | H50: P | I50: 0 | J50: 0 | K50: 4.82 | AB50: =COUNTIF(C50:Z50,"P") -> 1 | AC50: =SUM(D50,I50,N50,S50,X50) -> 0 | AD50: =SUM(E50,J50,O50,T50,Y50) -> 0 | AE50: =SUM(AC50+AD50) -> 0 | AF50: =COUNTIF(G50:AA50,"F") -> 0 | AG50: =IFERROR(AVERAGE(F50,K50,P50,U50,Z50),"-") -> 4.82
B51: Wellington Leite | AB51: =COUNTIF(C51:Z51,"P") -> 0 | AC51: =SUM(D51,I51,N51,S51,X51) -> 0 | AD51: =SUM(E51,J51,O51,T51,Y51) -> 0 | AE51: =SUM(AC51+AD51) -> 0 | AF51: =COUNTIF(G51:AA51,"F") -> 0 | AG51: =IFERROR(AVERAGE(F51,K51,P51,U51,Z51),"-") -> -
B52: Yamam Fagundes | AB52: =COUNTIF(C52:Z52,"P") -> 0 | AC52: =SUM(D52,I52,N52,S52,X52) -> 0 | AD52: =SUM(E52,J52,O52,T52,Y52) -> 0 | AE52: =SUM(AC52+AD52) -> 0 | AF52: =COUNTIF(G52:AA52,"F") -> 0 | AG52: =IFERROR(AVERAGE(F52,K52,P52,U52,Z52),"-") -> -

Sheet AGO
B1: PELADA DA RESENHA - TERÇA 20H
B3: JOGADOR | C3: 45874 | H3: =C3+7 -> 45881 | M3: =H3+7 -> 45888 | R3: =M3+7 -> 45895 | W3: - | AB3: PRESENÇA | AC3: GOLS TOTAIS | AD3: ASSIST TOTAIS | AE3: G+A | AF3: FOTO | AG3: MÉDIA TOTAL
C4: PRESENTE | D4: GOL | E4: ASSIST | F4: NOTA | G4: FOTO | H4: PRESENTE | I4: GOL | J4: ASSIST | K4: NOTA | L4: FOTO | M4: PRESENTE | N4: GOL | O4: ASSIST | P4: NOTA | Q4: FOTO | R4: PRESENTE | S4: GOL | T4: ASSIST | U4: NOTA | V4: FOTO | W4: PRESENTE | X4: GOL | Y4: ASSIST | Z4: NOTA | AA4: FOTO
B5: Alberto Henrique | C5: P | D5: 1 | E5: 1 | F5: 5.94 | H5: P | I5: 2 | J5: 1 | K5: 7 | L5: F | M5: P | N5: 2 | O5: 0 | P5: 6.08 | Q5: F | R5: P | S5: 1 | T5: 0 | U5: 5.58 | AB5: =COUNTIF(C5:Z5,"P") -> 4 | AC5: =SUM(D5,I5,N5,S5,X5) -> 6 | AD5: =SUM(E5,J5,O5,T5,Y5) -> 2 | AE5: =SUM(AC5+AD5) -> 8 | AF5: =COUNTIF(G5:AA5,"F") -> 2 | AG5: =IFERROR(AVERAGE(F5,K5,P5,U5,Z5),"-") -> 6.15
B6: Allan Borela | AB6: =COUNTIF(C6:Z6,"P") -> 0 | AC6: =SUM(D6,I6,N6,S6,X6) -> 0 | AD6: =SUM(E6,J6,O6,T6,Y6) -> 0 | AE6: =SUM(AC6+AD6) -> 0 | AF6: =COUNTIF(G6:AA6,"F") -> 0 | AG6: =IFERROR(AVERAGE(F6,K6,P6,U6,Z6),"-") -> -
B7: Breno (GK) | C7: P | D7: 0 | E7: 0 | F7: 6.26 | H7: P | I7: 0 | J7: 0 | K7: 4.32 | AB7: =COUNTIF(C7:Z7,"P") -> 2 | AC7: =SUM(D7,I7,N7,S7,X7) -> 0 | AD7: =SUM(E7,J7,O7,T7,Y7) -> 0 | AE7: =SUM(AC7+AD7) -> 0 | AF7: =COUNTIF(G7:AA7,"F") -> 0 | AG7: =IFERROR(AVERAGE(F7,K7,P7,U7,Z7),"-") -> 5.29
B8: Daniel Medeiros (GK) | M8: P | N8: 0 | O8: 1 | P8: 4.94 | AB8: =COUNTIF(C8:Z8,"P") -> 1 | AC8: =SUM(D8,I8,N8,S8,X8) -> 0 | AD8: =SUM(E8,J8,O8,T8,Y8) -> 1 | AE8: =SUM(AC8+AD8) -> 1 | AF8: =COUNTIF(G8:AA8,"F") -> 0 | AG8: =IFERROR(AVERAGE(F8,K8,P8,U8,Z8),"-") -> 4.94
B9: David Melo | H9: P | I9: 0 | J9: 0 | K9: 6.76 | L9: F | AB9: =COUNTIF(C9:Z9,"P") -> 1 | AC9: =SUM(D9,I9,N9,S9,X9) -> 0 | AD9: =SUM(E9,J9,O9,T9,Y9) -> 0 | AE9: =SUM(AC9+AD9) -> 0 | AF9: =COUNTIF(G9:AA9,"F") -> 1 | AG9: =IFERROR(AVERAGE(F9,K9,P9,U9,Z9),"-") -> 6.76
B10: Douglas DG (GK) | M10: P | N10: 0 | O10: 0 | P10: 6.5 | Q10: F | R10: P | S10: 0 | T10: 0 | U10: 5.7 | AB10: =COUNTIF(C10:Z10,"P") -> 2 | AC10: =SUM(D10,I10,N10,S10,X10) -> 0 | AD10: =SUM(E10,J10,O10,T10,Y10) -> 0 | AE10: =SUM(AC10+AD10) -> 0 | AF10: =COUNTIF(G10:AA10,"F") -> 1 | AG10: =IFERROR(AVERAGE(F10,K10,P10,U10,Z10),"-") -> 6.1
B11: Felipe Horsts | C11: P | D11: 3 | E11: 3 | F11: 6.4 | G11: F | H11: P | I11: 1 | J11: 0 | K11: 5.44 | M11: P | N11: 3 | O11: 2 | P11: 7.5 | Q11: F | R11: P | S11: 8 | T11: 3 | U11: 8.08 | V11: F | AB11: =COUNTIF(C11:Z11,"P") -> 4 | AC11: =SUM(D11,I11,N11,S11,X11) -> 15 | AD11: =SUM(E11,J11,O11,T11,Y11) -> 8 | AE11: =SUM(AC11+AD11) -> 23 | AF11: =COUNTIF(G11:AA11,"F") -> 3 | AG11: =IFERROR(AVERAGE(F11,K11,P11,U11,Z11),"-") -> 6.855
B12: Gabriel Andrade | C12: P | D12: 2 | E12: 0 | F12: 5.4 | H12: P | I12: 2 | J12: 0 | K12: 5.68 | R12: P | S12: 0 | T12: 0 | AB12: =COUNTIF(C12:Z12,"P") -> 3 | AC12: =SUM(D12,I12,N12,S12,X12) -> 4 | AD12: =SUM(E12,J12,O12,T12,Y12) -> 0 | AE12: =SUM(AC12+AD12) -> 4 | AF12: =COUNTIF(G12:AA12,"F") -> 0 | AG12: =IFERROR(AVERAGE(F12,K12,P12,U12,Z12),"-") -> 5.54
B13: Gabriel Castro | AB13: =COUNTIF(C13:Z13,"P") -> 0 | AC13: =SUM(D13,I13,N13,S13,X13) -> 0 | AD13: =SUM(E13,J13,O13,T13,Y13) -> 0 | AE13: =SUM(AC13+AD13) -> 0 | AF13: =COUNTIF(G13:AA13,"F") -> 0 | AG13: =IFERROR(AVERAGE(F13,K13,P13,U13,Z13),"-") -> -
B14: Gabriel Cosendey | AB14: =COUNTIF(C14:Z14,"P") -> 0 | AC14: =SUM(D14,I14,N14,S14,X14) -> 0 | AD14: =SUM(E14,J14,O14,T14,Y14) -> 0 | AE14: =SUM(AC14+AD14) -> 0 | AF14: =COUNTIF(G14:AA14,"F") -> 0 | AG14: =IFERROR(AVERAGE(F14,K14,P14,U14,Z14),"-") -> -
B15: Gabriel Teixeira | AB15: =COUNTIF(C15:Z15,"P") -> 0 | AC15: =SUM(D15,I15,N15,S15,X15) -> 0 | AD15: =SUM(E15,J15,O15,T15,Y15) -> 0 | AE15: =SUM(AC15+AD15) -> 0 | AF15: =COUNTIF(G15:AA15,"F") -> 0 | AG15: =IFERROR(AVERAGE(F15,K15,P15,U15,Z15),"-") -> -
B16: Guilherme Santos (GK) | H16: P | I16: 0 | J16: 0 | K16: 7.26 | L16: F | M16: P | N16: 0 | O16: 0 | P16: 5.72 | R16: P | S16: 0 | T16: 0 | U16: 6.76 | V16: F | AB16: =COUNTIF(C16:Z16,"P") -> 3 | AC16: =SUM(D16,I16,N16,S16,X16) -> 0 | AD16: =SUM(E16,J16,O16,T16,Y16) -> 0 | AE16: =SUM(AC16+AD16) -> 0 | AF16: =COUNTIF(G16:AA16,"F") -> 2 | AG16: =IFERROR(AVERAGE(F16,K16,P16,U16,Z16),"-") -> 6.58
B17: Gustavo Bumbum (GK) | H17: P | I17: 0 | J17: 0 | K17: 4.38 | AB17: =COUNTIF(C17:Z17,"P") -> 1 | AC17: =SUM(D17,I17,N17,S17,X17) -> 0 | AD17: =SUM(E17,J17,O17,T17,Y17) -> 0 | AE17: =SUM(AC17+AD17) -> 0 | AF17: =COUNTIF(G17:AA17,"F") -> 0 | AG17: =IFERROR(AVERAGE(F17,K17,P17,U17,Z17),"-") -> 4.38
B18: Gustavo Gomes | AB18: =COUNTIF(C18:Z18,"P") -> 0 | AC18: =SUM(D18,I18,N18,S18,X18) -> 0 | AD18: =SUM(E18,J18,O18,T18,Y18) -> 0 | AE18: =SUM(AC18+AD18) -> 0 | AF18: =COUNTIF(G18:AA18,"F") -> 0 | AG18: =IFERROR(AVERAGE(F18,K18,P18,U18,Z18),"-") -> -
B19: Henrique Viza | AB19: =COUNTIF(C19:Z19,"P") -> 0 | AC19: =SUM(D19,I19,N19,S19,X19) -> 0 | AD19: =SUM(E19,J19,O19,T19,Y19) -> 0 | AE19: =SUM(AC19+AD19) -> 0 | AF19: =COUNTIF(G19:AA19,"F") -> 0 | AG19: =IFERROR(AVERAGE(F19,K19,P19,U19,Z19),"-") -> -
B20: Jeferson Neves | AB20: =COUNTIF(C20:Z20,"P") -> 0 | AC20: =SUM(D20,I20,N20,S20,X20) -> 0 | AD20: =SUM(E20,J20,O20,T20,Y20) -> 0 | AE20: =SUM(AC20+AD20) -> 0 | AF20: =COUNTIF(G20:AA20,"F") -> 0 | AG20: =IFERROR(AVERAGE(F20,K20,P20,U20,Z20),"-") -> -
B21: João Victor - Bazim | C21: P | D21: 1 | E21: 0 | F21: 4.94 | H21: P | I21: 0 | J21: 0 | K21: 5.3 | M21: P | N21: 0 | O21: 0 | P21: 5.06 | R21: P | S21: 0 | T21: 0 | U21: 3.76 | AB21: =COUNTIF(C21:Z21,"P") -> 4 | AC21: =SUM(D21,I21,N21,S21,X21) -> 1 | AD21: =SUM(E21,J21,O21,T21,Y21) -> 0 | AE21: =SUM(AC21+AD21) -> 1 | AF21: =COUNTIF(G21:AA21,"F") -> 0 | AG21: =IFERROR(AVERAGE(F21,K21,P21,U21,Z21),"-") -> 4.765
B22: João Vitor Nunes | C22: P | D22: 6 | E22: 2 | F22: 7.54 | G22: F | H22: P | I22: 1 | J22: 0 | K22: 5.26 | M22: P | N22: 3 | O22: 0 | P22: 5.42 | AB22: =COUNTIF(C22:Z22,"P") -> 3 | AC22: =SUM(D22,I22,N22,S22,X22) -> 10 | AD22: =SUM(E22,J22,O22,T22,Y22) -> 2 | AE22: =SUM(AC22+AD22) -> 12 | AF22: =COUNTIF(G22:AA22,"F") -> 1 | AG22: =IFERROR(AVERAGE(F22,K22,P22,U22,Z22),"-") -> 6.0733333
B23: José Guilherme | C23: P | D23: 3 | E23: 3 | F23: 6.46 | G23: F | H23: P | I23: 4 | J23: 5 | K23: 7.5 | L23: F | M23: P | N23: 3 | O23: 3 | P23: 7.28 | R23: P | S23: 1 | T23: 2 | U23: 6.76 | V23: F | AB23: =COUNTIF(C23:Z23,"P") -> 4 | AC23: =SUM(D23,I23,N23,S23,X23) -> 11 | AD23: =SUM(E23,J23,O23,T23,Y23) -> 13 | AE23: =SUM(AC23+AD23) -> 24 | AF23: =COUNTIF(G23:AA23,"F") -> 3 | AG23: =IFERROR(AVERAGE(F23,K23,P23,U23,Z23),"-") -> 7
B24: Kyrius Barros | AB24: =COUNTIF(C24:Z24,"P") -> 0 | AC24: =SUM(D24,I24,N24,S24,X24) -> 0 | AD24: =SUM(E24,J24,O24,T24,Y24) -> 0 | AE24: =SUM(AC24+AD24) -> 0 | AF24: =COUNTIF(G24:AA24,"F") -> 0 | AG24: =IFERROR(AVERAGE(F24,K24,P24,U24,Z24),"-") -> -
B25: Leo Bitencourt | H25: P | I25: 0 | J25: 1 | K25: 8.32 | L25: F | M25: P | N25: 0 | O25: 1 | P25: 4.74 | R25: P | S25: 0 | T25: 0 | U25: 4.86 | AB25: =COUNTIF(C25:Z25,"P") -> 3 | AC25: =SUM(D25,I25,N25,S25,X25) -> 0 | AD25: =SUM(E25,J25,O25,T25,Y25) -> 2 | AE25: =SUM(AC25+AD25) -> 2 | AF25: =COUNTIF(G25:AA25,"F") -> 1 | AG25: =IFERROR(AVERAGE(F25,K25,P25,U25,Z25),"-") -> 5.9733333
B26: Leo Hubner | AB26: =COUNTIF(C26:Z26,"P") -> 0 | AC26: =SUM(D26,I26,N26,S26,X26) -> 0 | AD26: =SUM(E26,J26,O26,T26,Y26) -> 0 | AE26: =SUM(AC26+AD26) -> 0 | AF26: =COUNTIF(G26:AA26,"F") -> 0 | AG26: =IFERROR(AVERAGE(F26,K26,P26,U26,Z26),"-") -> -
B27: Leo Starling | C27: P | D27: 0 | E27: 2 | F27: 4.54 | H27: P | I27: 1 | J27: 1 | K27: 4.48 | M27: P | N27: 1 | O27: 0 | P27: 5.64 | R27: P | S27: 1 | T27: 3 | U27: 7.08 | V27: F | AB27: =COUNTIF(C27:Z27,"P") -> 4 | AC27: =SUM(D27,I27,N27,S27,X27) -> 3 | AD27: =SUM(E27,J27,O27,T27,Y27) -> 6 | AE27: =SUM(AC27+AD27) -> 9 | AF27: =COUNTIF(G27:AA27,"F") -> 1 | AG27: =IFERROR(AVERAGE(F27,K27,P27,U27,Z27),"-") -> 5.435
B28: Lucas Bertolace | AB28: =COUNTIF(C28:Z28,"P") -> 0 | AC28: =SUM(D28,I28,N28,S28,X28) -> 0 | AD28: =SUM(E28,J28,O28,T28,Y28) -> 0 | AE28: =SUM(AC28+AD28) -> 0 | AF28: =COUNTIF(G28:AA28,"F") -> 0 | AG28: =IFERROR(AVERAGE(F28,K28,P28,U28,Z28),"-") -> -
B29: Lucas Borela | AB29: =COUNTIF(C29:Z29,"P") -> 0 | AC29: =SUM(D29,I29,N29,S29,X29) -> 0 | AD29: =SUM(E29,J29,O29,T29,Y29) -> 0 | AE29: =SUM(AC29+AD29) -> 0 | AF29: =COUNTIF(G29:AA29,"F") -> 0 | AG29: =IFERROR(AVERAGE(F29,K29,P29,U29,Z29),"-") -> -
B30: Lucas Gama - Passarim | C30: P | D30: 3 | E30: 0 | F30: 6.2 | H30: P | I30: 3 | J30: 0 | K30: 6.44 | L30: F | M30: P | N30: 1 | O30: 1 | P30: 4.72 | R30: P | S30: 0 | T30: 1 | U30: 4.24 | AB30: =COUNTIF(C30:Z30,"P") -> 4 | AC30: =SUM(D30,I30,N30,S30,X30) -> 7 | AD30: =SUM(E30,J30,O30,T30,Y30) -> 2 | AE30: =SUM(AC30+AD30) -> 9 | AF30: =COUNTIF(G30:AA30,"F") -> 1 | AG30: =IFERROR(AVERAGE(F30,K30,P30,U30,Z30),"-") -> 5.4
B31: Lucas Leite - Coxinha | C31: P | D31: 1 | E31: 3 | F31: 5.4 | G31: F | H31: P | I31: 4 | J31: 3 | K31: 7 | L31: F | M31: P | N31: 2 | O31: 1 | P31: 6.28 | R31: P | S31: 4 | T31: 3 | U31: 7.38 | V31: F | AB31: =COUNTIF(C31:Z31,"P") -> 4 | AC31: =SUM(D31,I31,N31,S31,X31) -> 11 | AD31: =SUM(E31,J31,O31,T31,Y31) -> 10 | AE31: =SUM(AC31+AD31) -> 21 | AF31: =COUNTIF(G31:AA31,"F") -> 3 | AG31: =IFERROR(AVERAGE(F31,K31,P31,U31,Z31),"-") -> 6.515
B32: Luis do Corte | AB32: =COUNTIF(C32:Z32,"P") -> 0 | AC32: =SUM(D32,I32,N32,S32,X32) -> 0 | AD32: =SUM(E32,J32,O32,T32,Y32) -> 0 | AE32: =SUM(AC32+AD32) -> 0 | AF32: =COUNTIF(G32:AA32,"F") -> 0 | AG32: =IFERROR(AVERAGE(F32,K32,P32,U32,Z32),"-") -> -
B33: Marcelo Castro | AB33: =COUNTIF(C33:Z33,"P") -> 0 | AC33: =SUM(D33,I33,N33,S33,X33) -> 0 | AD33: =SUM(E33,J33,O33,T33,Y33) -> 0 | AE33: =SUM(AC33+AD33) -> 0 | AF33: =COUNTIF(G33:AA33,"F") -> 0 | AG33: =IFERROR(AVERAGE(F33,K33,P33,U33,Z33),"-") -> -
B34: Marco Antonio | H34: P | I34: 1 | J34: 0 | K34: 5.62 | M34: P | N34: 1 | O34: 0 | P34: 6.08 | Q34: F | R34: P | S34: 1 | T34: 2 | U34: 7.08 | V34: F | AB34: =COUNTIF(C34:Z34,"P") -> 3 | AC34: =SUM(D34,I34,N34,S34,X34) -> 3 | AD34: =SUM(E34,J34,O34,T34,Y34) -> 2 | AE34: =SUM(AC34+AD34) -> 5 | AF34: =COUNTIF(G34:AA34,"F") -> 2 | AG34: =IFERROR(AVERAGE(F34,K34,P34,U34,Z34),"-") -> 6.26
B35: Matheus Gomes | C35: P | D35: 2 | E35: 0 | F35: 5.4 | H35: P | I35: 3 | J35: 0 | K35: 6 | M35: P | N35: 2 | O35: 3 | P35: 6.78 | Q35: F | R35: P | S35: 2 | T35: 1 | U35: 5.54 | AB35: =COUNTIF(C35:Z35,"P") -> 4 | AC35: =SUM(D35,I35,N35,S35,X35) -> 9 | AD35: =SUM(E35,J35,O35,T35,Y35) -> 4 | AE35: =SUM(AC35+AD35) -> 13 | AF35: =COUNTIF(G35:AA35,"F") -> 1 | AG35: =IFERROR(AVERAGE(F35,K35,P35,U35,Z35),"-") -> 5.93
B36: Meurin | C36: P | D36: 0 | E36: 2 | F36: 4.86 | H36: P | I36: 0 | J36: 4 | K36: 4.88 | M36: P | N36: 0 | O36: 1 | P36: 5.74 | Q36: F | R36: P | S36: 0 | T36: 0 | U36: 5 | AB36: =COUNTIF(C36:Z36,"P") -> 4 | AC36: =SUM(D36,I36,N36,S36,X36) -> 0 | AD36: =SUM(E36,J36,O36,T36,Y36) -> 7 | AE36: =SUM(AC36+AD36) -> 7 | AF36: =COUNTIF(G36:AA36,"F") -> 1 | AG36: =IFERROR(AVERAGE(F36,K36,P36,U36,Z36),"-") -> 5.12
B37: Pablo Brandão | AB37: =COUNTIF(C37:Z37,"P") -> 0 | AC37: =SUM(D37,I37,N37,S37,X37) -> 0 | AD37: =SUM(E37,J37,O37,T37,Y37) -> 0 | AE37: =SUM(AC37+AD37) -> 0 | AF37: =COUNTIF(G37:AA37,"F") -> 0 | AG37: =IFERROR(AVERAGE(F37,K37,P37,U37,Z37),"-") -> -
B38: Pedro Abreu | M38: P | N38: 3 | O38: 1 | P38: 5.86 | R38: P | S38: 0 | T38: 0 | U38: 3.36 | AB38: =COUNTIF(C38:Z38,"P") -> 2 | AC38: =SUM(D38,I38,N38,S38,X38) -> 3 | AD38: =SUM(E38,J38,O38,T38,Y38) -> 1 | AE38: =SUM(AC38+AD38) -> 4 | AF38: =COUNTIF(G38:AA38,"F") -> 0 | AG38: =IFERROR(AVERAGE(F38,K38,P38,U38,Z38),"-") -> 4.61
B39: Pedro Chequer | C39: P | D39: 0 | E39: 0 | F39: 4.6 | M39: P | N39: 0 | O39: 0 | P39: 5.5 | Q39: F | R39: P | S39: 0 | T39: 0 | U39: 3.62 | AB39: =COUNTIF(C39:Z39,"P") -> 3 | AC39: =SUM(D39,I39,N39,S39,X39) -> 0 | AD39: =SUM(E39,J39,O39,T39,Y39) -> 0 | AE39: =SUM(AC39+AD39) -> 0 | AF39: =COUNTIF(G39:AA39,"F") -> 1 | AG39: =IFERROR(AVERAGE(F39,K39,P39,U39,Z39),"-") -> 4.5733333
B40: Pedro Dias | C40: P | D40: 1 | E40: 1 | F40: 4.82 | H40: P | I40: 1 | J40: 1 | K40: 5.62 | M40: P | N40: 0 | O40: 3 | P40: 4.14 | R40: P | S40: 2 | T40: 2 | U40: 5 | AB40: =COUNTIF(C40:Z40,"P") -> 4 | AC40: =SUM(D40,I40,N40,S40,X40) -> 4 | AD40: =SUM(E40,J40,O40,T40,Y40) -> 7 | AE40: =SUM(AC40+AD40) -> 11 | AF40: =COUNTIF(G40:AA40,"F") -> 0 | AG40: =IFERROR(AVERAGE(F40,K40,P40,U40,Z40),"-") -> 4.895
B41: Pierre Paulo | M41: P | N41: 0 | O41: 1 | P41: 5.58 | R41: P | S41: 1 | T41: 1 | U41: 6.92 | V41: F | AB41: =COUNTIF(C41:Z41,"P") -> 2 | AC41: =SUM(D41,I41,N41,S41,X41) -> 1 | AD41: =SUM(E41,J41,O41,T41,Y41) -> 2 | AE41: =SUM(AC41+AD41) -> 3 | AF41: =COUNTIF(G41:AA41,"F") -> 1 | AG41: =IFERROR(AVERAGE(F41,K41,P41,U41,Z41),"-") -> 6.25
B42: Rafael Mendes | AB42: =COUNTIF(C42:Z42,"P") -> 0 | AC42: =SUM(D42,I42,N42,S42,X42) -> 0 | AD42: =SUM(E42,J42,O42,T42,Y42) -> 0 | AE42: =SUM(AC42+AD42) -> 0 | AF42: =COUNTIF(G42:AA42,"F") -> 0 | AG42: =IFERROR(AVERAGE(F42,K42,P42,U42,Z42),"-") -> -
B43: Rafael Vasconcelos | AB43: =COUNTIF(C43:Z43,"P") -> 0 | AC43: =SUM(D43,I43,N43,S43,X43) -> 0 | AD43: =SUM(E43,J43,O43,T43,Y43) -> 0 | AE43: =SUM(AC43+AD43) -> 0 | AF43: =COUNTIF(G43:AA43,"F") -> 0 | AG43: =IFERROR(AVERAGE(F43,K43,P43,U43,Z43),"-") -> -
B44: Raphael Ambrosio | C44: P | D44: 1 | E44: 0 | F44: 5.4 | G44: F | M44: P | N44: 0 | O44: 0 | P44: 4.78 | AB44: =COUNTIF(C44:Z44,"P") -> 2 | AC44: =SUM(D44,I44,N44,S44,X44) -> 1 | AD44: =SUM(E44,J44,O44,T44,Y44) -> 0 | AE44: =SUM(AC44+AD44) -> 1 | AF44: =COUNTIF(G44:AA44,"F") -> 1 | AG44: =IFERROR(AVERAGE(F44,K44,P44,U44,Z44),"-") -> 5.09
B45: Reinaldo Santana | C45: P | D45: 0 | E45: 0 | F45: 4.54 | G45: F | R45: P | S45: 0 | T45: 0 | U45: 3.72 | AB45: =COUNTIF(C45:Z45,"P") -> 2 | AC45: =SUM(D45,I45,N45,S45,X45) -> 0 | AD45: =SUM(E45,J45,O45,T45,Y45) -> 0 | AE45: =SUM(AC45+AD45) -> 0 | AF45: =COUNTIF(G45:AA45,"F") -> 1 | AG45: =IFERROR(AVERAGE(F45,K45,P45,U45,Z45),"-") -> 4.13
B46: Ricardo Marchesini (GK) | AB46: =COUNTIF(C46:Z46,"P") -> 0 | AC46: =SUM(D46,I46,N46,S46,X46) -> 0 | AD46: =SUM(E46,J46,O46,T46,Y46) -> 0 | AE46: =SUM(AC46+AD46) -> 0 | AF46: =COUNTIF(G46:AA46,"F") -> 0 | AG46: =IFERROR(AVERAGE(F46,K46,P46,U46,Z46),"-") -> -
B47: Ruan Amorim | C47: P | D47: 0 | E47: 0 | F47: 5.74 | H47: P | I47: 0 | J47: 0 | K47: 5.32 | M47: P | N47: 1 | O47: 0 | P47: 5.42 | R47: P | S47: 0 | T47: 0 | U47: 4.08 | AB47: =COUNTIF(C47:Z47,"P") -> 4 | AC47: =SUM(D47,I47,N47,S47,X47) -> 1 | AD47: =SUM(E47,J47,O47,T47,Y47) -> 0 | AE47: =SUM(AC47+AD47) -> 1 | AF47: =COUNTIF(G47:AA47,"F") -> 0 | AG47: =IFERROR(AVERAGE(F47,K47,P47,U47,Z47),"-") -> 5.14
B48: Salomão Charbel | AB48: =COUNTIF(C48:Z48,"P") -> 0 | AC48: =SUM(D48,I48,N48,S48,X48) -> 0 | AD48: =SUM(E48,J48,O48,T48,Y48) -> 0 | AE48: =SUM(AC48+AD48) -> 0 | AF48: =COUNTIF(G48:AA48,"F") -> 0 | AG48: =IFERROR(AVERAGE(F48,K48,P48,U48,Z48),"-") -> -
B49: Thiago Amorim - Caputira | AB49: =COUNTIF(C49:Z49,"P") -> 0 | AC49: =SUM(D49,I49,N49,S49,X49) -> 0 | AD49: =SUM(E49,J49,O49,T49,Y49) -> 0 | AE49: =SUM(AC49+AD49) -> 0 | AF49: =COUNTIF(G49:AA49,"F") -> 0 | AG49: =IFERROR(AVERAGE(F49,K49,P49,U49,Z49),"-") -> -
B50: Wanderson Santiago | AB50: =COUNTIF(C50:Z50,"P") -> 0 | AC50: =SUM(D50,I50,N50,S50,X50) -> 0 | AD50: =SUM(E50,J50,O50,T50,Y50) -> 0 | AE50: =SUM(AC50+AD50) -> 0 | AF50: =COUNTIF(G50:AA50,"F") -> 0 | AG50: =IFERROR(AVERAGE(F50,K50,P50,U50,Z50),"-") -> -
B51: Wellington Leite | AB51: =COUNTIF(C51:Z51,"P") -> 0 | AC51: =SUM(D51,I51,N51,S51,X51) -> 0 | AD51: =SUM(E51,J51,O51,T51,Y51) -> 0 | AE51: =SUM(AC51+AD51) -> 0 | AF51: =COUNTIF(G51:AA51,"F") -> 0 | AG51: =IFERROR(AVERAGE(F51,K51,P51,U51,Z51),"-") -> -
B52: Yamam Fagundes | AB52: =COUNTIF(C52:Z52,"P") -> 0 | AC52: =SUM(D52,I52,N52,S52,X52) -> 0 | AD52: =SUM(E52,J52,O52,T52,Y52) -> 0 | AE52: =SUM(AC52+AD52) -> 0 | AF52: =COUNTIF(G52:AA52,"F") -> 0 | AG52: =IFERROR(AVERAGE(F52,K52,P52,U52,Z52),"-") -> -

Sheet SET
B1: PELADA DA RESENHA - TERÇA 20H
B3: JOGADOR | C3: 45902 | H3: =C3+7 -> 45909 | M3: =H3+7 -> 45916 | R3: =M3+7 -> 45923 | W3: =R3+7 -> 45930 | AB3: PRESENÇA | AC3: GOLS TOTAIS | AD3: ASSIST TOTAIS | AE3: G+A | AF3: FOTO | AG3: MÉDIA TOTAL
C4: PRESENTE | D4: GOL | E4: ASSIST | F4: NOTA | G4: FOTO | H4: PRESENTE | I4: GOL | J4: ASSIST | K4: NOTA | L4: FOTO | M4: PRESENTE | N4: GOL | O4: ASSIST | P4: NOTA | Q4: FOTO | R4: PRESENTE | S4: GOL | T4: ASSIST | U4: NOTA | V4: FOTO | W4: PRESENTE | X4: GOL | Y4: ASSIST | Z4: NOTA | AA4: FOTO
B5: Alberto Henrique | C5: P | D5: 1 | E5: 2 | F5: 6.64 | H5: P | I5: 2 | J5: 1 | K5: 6.26 | R5: P | S5: 2 | T5: 3 | U5: 6.5 | W5: P | X5: 1 | Y5: 0 | Z5: 3.14 | AB5: =COUNTIF(C5:Z5,"P") -> 4 | AC5: =SUM(D5,I5,N5,S5,X5) -> 6 | AD5: =SUM(E5,J5,O5,T5,Y5) -> 6 | AE5: =SUM(AC5+AD5) -> 12 | AF5: =COUNTIF(G5:AA5,"F") -> 0 | AG5: =IFERROR(AVERAGE(F5,K5,P5,U5,Z5),"-") -> 5.635
B6: Allan Borela | H6: P | I6: 1 | J6: 0 | K6: 6.4 | M6: P | N6: 0 | O6: 0 | P6: 4.54 | R6: P | S6: 0 | T6: 1 | U6: 4.92 | W6: P | X6: 1 | Y6: 2 | Z6: 4 | AA6: F | AB6: =COUNTIF(C6:Z6,"P") -> 4 | AC6: =SUM(D6,I6,N6,S6,X6) -> 2 | AD6: =SUM(E6,J6,O6,T6,Y6) -> 3 | AE6: =SUM(AC6+AD6) -> 5 | AF6: =COUNTIF(G6:AA6,"F") -> 1 | AG6: =IFERROR(AVERAGE(F6,K6,P6,U6,Z6),"-") -> 4.965
B7: Breno (GK) | AB7: =COUNTIF(C7:Z7,"P") -> 0 | AC7: =SUM(D7,I7,N7,S7,X7) -> 0 | AD7: =SUM(E7,J7,O7,T7,Y7) -> 0 | AE7: =SUM(AC7+AD7) -> 0 | AF7: =COUNTIF(G7:AA7,"F") -> 0 | AG7: =IFERROR(AVERAGE(F7,K7,P7,U7,Z7),"-") -> -
B8: Daniel Medeiros (GK) | C8: P | D8: 0 | E8: 0 | F8: 6.1 | Z8: 5.36 | AB8: =COUNTIF(C8:Z8,"P") -> 1 | AC8: =SUM(D8,I8,N8,S8,X8) -> 0 | AD8: =SUM(E8,J8,O8,T8,Y8) -> 0 | AE8: =SUM(AC8+AD8) -> 0 | AF8: =COUNTIF(G8:AA8,"F") -> 0 | AG8: =IFERROR(AVERAGE(F8,K8,P8,U8,Z8),"-") -> 5.73
B9: David Melo | K9: 6 | W9: P | X9: 1 | Y9: 0 | Z9: 4.7 | AB9: =COUNTIF(C9:Z9,"P") -> 1 | AC9: =SUM(D9,I9,N9,S9,X9) -> 1 | AD9: =SUM(E9,J9,O9,T9,Y9) -> 0 | AE9: =SUM(AC9+AD9) -> 1 | AF9: =COUNTIF(G9:AA9,"F") -> 0 | AG9: =IFERROR(AVERAGE(F9,K9,P9,U9,Z9),"-") -> 5.35
B10: Douglas DG (GK) | H10: P | I10: 0 | J10: 0 | K10: 5 | M10: P | N10: 0 | O10: 2 | P10: 6.3 | Q10: F | R10: P | S10: 0 | T10: 1 | U10: 6.08 | W10: P | X10: 0 | Y10: 0 | Z10: 4.92 | AB10: =COUNTIF(C10:Z10,"P") -> 4 | AC10: =SUM(D10,I10,N10,S10,X10) -> 0 | AD10: =SUM(E10,J10,O10,T10,Y10) -> 3 | AE10: =SUM(AC10+AD10) -> 3 | AF10: =COUNTIF(G10:AA10,"F") -> 1 | AG10: =IFERROR(AVERAGE(F10,K10,P10,U10,Z10),"-") -> 5.575
B11: Felipe Horsts | H11: P | I11: 2 | J11: 2 | K11: 6.8 | M11: P | N11: 1 | O11: 1 | P11: 5.4 | AB11: =COUNTIF(C11:Z11,"P") -> 2 | AC11: =SUM(D11,I11,N11,S11,X11) -> 3 | AD11: =SUM(E11,J11,O11,T11,Y11) -> 3 | AE11: =SUM(AC11+AD11) -> 6 | AF11: =COUNTIF(G11:AA11,"F") -> 0 | AG11: =IFERROR(AVERAGE(F11,K11,P11,U11,Z11),"-") -> 6.1
B12: Gabriel Andrade | C12: P | D12: 1 | E12: 0 | F12: 5.66 | H12: P | I12: 4 | J12: 1 | K12: 6.76 | M12: P | N12: 2 | O12: 2 | P12: 6.1 | Q12: F | R12: P | S12: 0 | T12: 2 | U12: 5.66 | W12: P | X12: 0 | Y12: 0 | Z12: 5.08 | AB12: =COUNTIF(C12:Z12,"P") -> 5 | AC12: =SUM(D12,I12,N12,S12,X12) -> 7 | AD12: =SUM(E12,J12,O12,T12,Y12) -> 5 | AE12: =SUM(AC12+AD12) -> 12 | AF12: =COUNTIF(G12:AA12,"F") -> 1 | AG12: =IFERROR(AVERAGE(F12,K12,P12,U12,Z12),"-") -> 5.852
B13: Gabriel Castro | AB13: =COUNTIF(C13:Z13,"P") -> 0 | AC13: =SUM(D13,I13,N13,S13,X13) -> 0 | AD13: =SUM(E13,J13,O13,T13,Y13) -> 0 | AE13: =SUM(AC13+AD13) -> 0 | AF13: =COUNTIF(G13:AA13,"F") -> 0 | AG13: =IFERROR(AVERAGE(F13,K13,P13,U13,Z13),"-") -> -
B14: Gabriel Cosendey | C14: P | D14: 0 | E14: 0 | F14: 6.82 | R14: P | S14: 1 | T14: 0 | U14: 5.92 | W14: P | X14: 1 | Y14: 0 | Z14: 5.16 | AB14: =COUNTIF(C14:Z14,"P") -> 3 | AC14: =SUM(D14,I14,N14,S14,X14) -> 2 | AD14: =SUM(E14,J14,O14,T14,Y14) -> 0 | AE14: =SUM(AC14+AD14) -> 2 | AF14: =COUNTIF(G14:AA14,"F") -> 0 | AG14: =IFERROR(AVERAGE(F14,K14,P14,U14,Z14),"-") -> 5.9666667
B15: Gabriel Teixeira | AB15: =COUNTIF(C15:Z15,"P") -> 0 | AC15: =SUM(D15,I15,N15,S15,X15) -> 0 | AD15: =SUM(E15,J15,O15,T15,Y15) -> 0 | AE15: =SUM(AC15+AD15) -> 0 | AF15: =COUNTIF(G15:AA15,"F") -> 0 | AG15: =IFERROR(AVERAGE(F15,K15,P15,U15,Z15),"-") -> -
B16: Guilherme Santos (GK) | C16: P | D16: 0 | E16: 0 | F16: 7.34 | G16: F | M16: P | N16: 0 | O16: 0 | P16: 4.5 | R16: P | S16: 0 | T16: 0 | U16: 6.66 | V16: F | W16: P | X16: 0 | Y16: 0 | Z16: 5.7 | AA16: F | AB16: =COUNTIF(C16:Z16,"P") -> 4 | AC16: =SUM(D16,I16,N16,S16,X16) -> 0 | AD16: =SUM(E16,J16,O16,T16,Y16) -> 0 | AE16: =SUM(AC16+AD16) -> 0 | AF16: =COUNTIF(G16:AA16,"F") -> 3 | AG16: =IFERROR(AVERAGE(F16,K16,P16,U16,Z16),"-") -> 6.05
B17: Gustavo Bumbum (GK) | AB17: =COUNTIF(C17:Z17,"P") -> 0 | AC17: =SUM(D17,I17,N17,S17,X17) -> 0 | AD17: =SUM(E17,J17,O17,T17,Y17) -> 0 | AE17: =SUM(AC17+AD17) -> 0 | AF17: =COUNTIF(G17:AA17,"F") -> 0 | AG17: =IFERROR(AVERAGE(F17,K17,P17,U17,Z17),"-") -> -
B18: Gustavo Gomes | W18: P | X18: 0 | Y18: 1 | Z18: 3.78 | AB18: =COUNTIF(C18:Z18,"P") -> 1 | AC18: =SUM(D18,I18,N18,S18,X18) -> 0 | AD18: =SUM(E18,J18,O18,T18,Y18) -> 1 | AE18: =SUM(AC18+AD18) -> 1 | AF18: =COUNTIF(G18:AA18,"F") -> 0 | AG18: =IFERROR(AVERAGE(F18,K18,P18,U18,Z18),"-") -> 3.78
B19: Henrique Viza | C19: P | D19: 2 | E19: 0 | F19: 6 | M19: P | N19: 1 | O19: 1 | P19: 5.28 | W19: P | X19: 1 | Y19: 1 | Z19: 4.78 | AB19: =COUNTIF(C19:Z19,"P") -> 3 | AC19: =SUM(D19,I19,N19,S19,X19) -> 4 | AD19: =SUM(E19,J19,O19,T19,Y19) -> 2 | AE19: =SUM(AC19+AD19) -> 6 | AF19: =COUNTIF(G19:AA19,"F") -> 0 | AG19: =IFERROR(AVERAGE(F19,K19,P19,U19,Z19),"-") -> 5.3533333
B20: Jeferson Neves | AB20: =COUNTIF(C20:Z20,"P") -> 0 | AC20: =SUM(D20,I20,N20,S20,X20) -> 0 | AD20: =SUM(E20,J20,O20,T20,Y20) -> 0 | AE20: =SUM(AC20+AD20) -> 0 | AF20: =COUNTIF(G20:AA20,"F") -> 0 | AG20: =IFERROR(AVERAGE(F20,K20,P20,U20,Z20),"-") -> -
B21: João Victor - Bazim | C21: P | D21: 0 | E21: 0 | F21: 6 | G21: F | M21: P | N21: 0 | O21: 0 | P21: 4.46 | W21: P | X21: 0 | Y21: 0 | Z21: 2.86 | AB21: =COUNTIF(C21:Z21,"P") -> 3 | AC21: =SUM(D21,I21,N21,S21,X21) -> 0 | AD21: =SUM(E21,J21,O21,T21,Y21) -> 0 | AE21: =SUM(AC21+AD21) -> 0 | AF21: =COUNTIF(G21:AA21,"F") -> 1 | AG21: =IFERROR(AVERAGE(F21,K21,P21,U21,Z21),"-") -> 4.44
B22: João Vitor Nunes | C22: P | D22: 2 | E22: 0 | F22: 5.1 | G22: F | H22: P | I22: 4 | J22: 2 | K22: 6.8 | M22: P | N22: 1 | O22: 3 | P22: 5 | R22: P | S22: 0 | T22: 0 | U22: 5 | W22: P | X22: 3 | Y22: 0 | Z22: 4.28 | AB22: =COUNTIF(C22:Z22,"P") -> 5 | AC22: =SUM(D22,I22,N22,S22,X22) -> 10 | AD22: =SUM(E22,J22,O22,T22,Y22) -> 5 | AE22: =SUM(AC22+AD22) -> 15 | AF22: =COUNTIF(G22:AA22,"F") -> 1 | AG22: =IFERROR(AVERAGE(F22,K22,P22,U22,Z22),"-") -> 5.236
B23: José Guilherme | C23: P | D23: 2 | E23: 3 | F23: 7.18 | G23: F | H23: P | I23: 3 | J23: 2 | K23: 6.5 | M23: P | N23: 4 | O23: 1 | P23: 5.4 | W23: P | X23: 1 | Y23: 4 | Z23: 4.16 | AB23: =COUNTIF(C23:Z23,"P") -> 4 | AC23: =SUM(D23,I23,N23,S23,X23) -> 10 | AD23: =SUM(E23,J23,O23,T23,Y23) -> 10 | AE23: =SUM(AC23+AD23) -> 20 | AF23: =COUNTIF(G23:AA23,"F") -> 1 | AG23: =IFERROR(AVERAGE(F23,K23,P23,U23,Z23),"-") -> 5.81
B24: Kyrius Barros | AB24: =COUNTIF(C24:Z24,"P") -> 0 | AC24: =SUM(D24,I24,N24,S24,X24) -> 0 | AD24: =SUM(E24,J24,O24,T24,Y24) -> 0 | AE24: =SUM(AC24+AD24) -> 0 | AF24: =COUNTIF(G24:AA24,"F") -> 0 | AG24: =IFERROR(AVERAGE(F24,K24,P24,U24,Z24),"-") -> -
B25: Leo Bitencourt | C25: P | D25: 1 | E25: 1 | F25: 6.92 | G25: F | H25: P | I25: 0 | J25: 0 | K25: 6.76 | M25: P | N25: 0 | O25: 0 | P25: 4.9 | W25: P | X25: 0 | Y25: 1 | Z25: 2.24 | AB25: =COUNTIF(C25:Z25,"P") -> 4 | AC25: =SUM(D25,I25,N25,S25,X25) -> 1 | AD25: =SUM(E25,J25,O25,T25,Y25) -> 2 | AE25: =SUM(AC25+AD25) -> 3 | AF25: =COUNTIF(G25:AA25,"F") -> 1 | AG25: =IFERROR(AVERAGE(F25,K25,P25,U25,Z25),"-") -> 5.205
B26: Leo Hubner | H26: P | I26: 0 | J26: 1 | K26: 8.4 | W26: P | X26: 2 | Y26: 1 | Z26: 4.76 | AB26: =COUNTIF(C26:Z26,"P") -> 2 | AC26: =SUM(D26,I26,N26,S26,X26) -> 2 | AD26: =SUM(E26,J26,O26,T26,Y26) -> 2 | AE26: =SUM(AC26+AD26) -> 4 | AF26: =COUNTIF(G26:AA26,"F") -> 0 | AG26: =IFERROR(AVERAGE(F26,K26,P26,U26,Z26),"-") -> 6.58
B27: Leo Starling | C27: P | D27: 1 | E27: 1 | F27: 5.36 | H27: P | I27: 1 | J27: 3 | K27: 5.8 | M27: P | N27: 1 | O27: 2 | P27: 6.64 | Q27: F | R27: P | S27: 3 | T27: 3 | U27: 9.66 | V27: F | W27: P | X27: 2 | Y27: 1 | Z27: 5.38 | AA27: F | AB27: =COUNTIF(C27:Z27,"P") -> 5 | AC27: =SUM(D27,I27,N27,S27,X27) -> 8 | AD27: =SUM(E27,J27,O27,T27,Y27) -> 10 | AE27: =SUM(AC27+AD27) -> 18 | AF27: =COUNTIF(G27:AA27,"F") -> 3 | AG27: =IFERROR(AVERAGE(F27,K27,P27,U27,Z27),"-") -> 6.568
B28: Lucas Bertolace | AB28: =COUNTIF(C28:Z28,"P") -> 0 | AC28: =SUM(D28,I28,N28,S28,X28) -> 0 | AD28: =SUM(E28,J28,O28,T28,Y28) -> 0 | AE28: =SUM(AC28+AD28) -> 0 | AF28: =COUNTIF(G28:AA28,"F") -> 0 | AG28: =IFERROR(AVERAGE(F28,K28,P28,U28,Z28),"-") -> -
B29: Lucas Borela | AB29: =COUNTIF(C29:Z29,"P") -> 0 | AC29: =SUM(D29,I29,N29,S29,X29) -> 0 | AD29: =SUM(E29,J29,O29,T29,Y29) -> 0 | AE29: =SUM(AC29+AD29) -> 0 | AF29: =COUNTIF(G29:AA29,"F") -> 0 | AG29: =IFERROR(AVERAGE(F29,K29,P29,U29,Z29),"-") -> -
B30: Lucas Gama - Passarim | C30: P | D30: 2 | E30: 1 | F30: 4.46 | M30: P | N30: 5 | O30: 2 | P30: 7.9 | Q30: F | W30: P | X30: 3 | Y30: 0 | Z30: 6.76 | AA30: F | AB30: =COUNTIF(C30:Z30,"P") -> 3 | AC30: =SUM(D30,I30,N30,S30,X30) -> 10 | AD30: =SUM(E30,J30,O30,T30,Y30) -> 3 | AE30: =SUM(AC30+AD30) -> 13 | AF30: =COUNTIF(G30:AA30,"F") -> 2 | AG30: =IFERROR(AVERAGE(F30,K30,P30,U30,Z30),"-") -> 6.3733333
B31: Lucas Leite - Coxinha | C31: P | D31: 5 | E31: 2 | F31: 8.28 | G31: F | R31: P | S31: 3 | T31: 2 | U31: 6.58 | W31: P | X31: 1 | Y31: 1 | Z31: 5.7 | AA31: F | AB31: =COUNTIF(C31:Z31,"P") -> 3 | AC31: =SUM(D31,I31,N31,S31,X31) -> 9 | AD31: =SUM(E31,J31,O31,T31,Y31) -> 5 | AE31: =SUM(AC31+AD31) -> 14 | AF31: =COUNTIF(G31:AA31,"F") -> 2 | AG31: =IFERROR(AVERAGE(F31,K31,P31,U31,Z31),"-") -> 6.8533333
B32: Luis do Corte | AB32: =COUNTIF(C32:Z32,"P") -> 0 | AC32: =SUM(D32,I32,N32,S32,X32) -> 0 | AD32: =SUM(E32,J32,O32,T32,Y32) -> 0 | AE32: =SUM(AC32+AD32) -> 0 | AF32: =COUNTIF(G32:AA32,"F") -> 0 | AG32: =IFERROR(AVERAGE(F32,K32,P32,U32,Z32),"-") -> -
B33: Marcelo Castro | AB33: =COUNTIF(C33:Z33,"P") -> 0 | AC33: =SUM(D33,I33,N33,S33,X33) -> 0 | AD33: =SUM(E33,J33,O33,T33,Y33) -> 0 | AE33: =SUM(AC33+AD33) -> 0 | AF33: =COUNTIF(G33:AA33,"F") -> 0 | AG33: =IFERROR(AVERAGE(F33,K33,P33,U33,Z33),"-") -> -
B34: Marco Antonio | H34: P | I34: 0 | J34: 0 | K34: 5.8 | M34: P | N34: 1 | O34: 0 | P34: 6 | Q34: F | W34: P | X34: 0 | Y34: 1 | Z34: 4.72 | AB34: =COUNTIF(C34:Z34,"P") -> 3 | AC34: =SUM(D34,I34,N34,S34,X34) -> 1 | AD34: =SUM(E34,J34,O34,T34,Y34) -> 1 | AE34: =SUM(AC34+AD34) -> 2 | AF34: =COUNTIF(G34:AA34,"F") -> 1 | AG34: =IFERROR(AVERAGE(F34,K34,P34,U34,Z34),"-") -> 5.5066667
B35: Matheus Gomes | C35: P | D35: 1 | E35: 4 | F35: 7.18 | H35: P | I35: 2 | J35: 0 | K35: 7.4 | M35: P | N35: 2 | O35: 0 | P35: 5 | R35: P | S35: 1 | T35: 0 | U35: 5.92 | W35: P | X35: 0 | Y35: 0 | Z35: 5.24 | AB35: =COUNTIF(C35:Z35,"P") -> 5 | AC35: =SUM(D35,I35,N35,S35,X35) -> 6 | AD35: =SUM(E35,J35,O35,T35,Y35) -> 4 | AE35: =SUM(AC35+AD35) -> 10 | AF35: =COUNTIF(G35:AA35,"F") -> 0 | AG35: =IFERROR(AVERAGE(F35,K35,P35,U35,Z35),"-") -> 6.148
B36: Meurin | C36: P | D36: 0 | E36: 3 | F36: 7.34 | G36: F | H36: P | I36: 0 | J36: 2 | K36: 4.8 | M36: P | N36: 0 | O36: 0 | P36: 4 | R36: P | S36: 0 | T36: 0 | U36: 5.3 | V36: F | W36: P | X36: 0 | Y36: 0 | Z36: 4.08 | AB36: =COUNTIF(C36:Z36,"P") -> 5 | AC36: =SUM(D36,I36,N36,S36,X36) -> 0 | AD36: =SUM(E36,J36,O36,T36,Y36) -> 5 | AE36: =SUM(AC36+AD36) -> 5 | AF36: =COUNTIF(G36:AA36,"F") -> 2 | AG36: =IFERROR(AVERAGE(F36,K36,P36,U36,Z36),"-") -> 5.104
B37: Pablo Brandão | AB37: =COUNTIF(C37:Z37,"P") -> 0 | AC37: =SUM(D37,I37,N37,S37,X37) -> 0 | AD37: =SUM(E37,J37,O37,T37,Y37) -> 0 | AE37: =SUM(AC37+AD37) -> 0 | AF37: =COUNTIF(G37:AA37,"F") -> 0 | AG37: =IFERROR(AVERAGE(F37,K37,P37,U37,Z37),"-") -> -
B38: Pedro Abreu | AB38: =COUNTIF(C38:Z38,"P") -> 0 | AC38: =SUM(D38,I38,N38,S38,X38) -> 0 | AD38: =SUM(E38,J38,O38,T38,Y38) -> 0 | AE38: =SUM(AC38+AD38) -> 0 | AF38: =COUNTIF(G38:AA38,"F") -> 0 | AG38: =IFERROR(AVERAGE(F38,K38,P38,U38,Z38),"-") -> -
B39: Pedro Chequer | R39: P | S39: 0 | T39: 0 | U39: 6.26 | V39: F | AB39: =COUNTIF(C39:Z39,"P") -> 1 | AC39: =SUM(D39,I39,N39,S39,X39) -> 0 | AD39: =SUM(E39,J39,O39,T39,Y39) -> 0 | AE39: =SUM(AC39+AD39) -> 0 | AF39: =COUNTIF(G39:AA39,"F") -> 1 | AG39: =IFERROR(AVERAGE(F39,K39,P39,U39,Z39),"-") -> 6.26
B40: Pedro Dias | C40: P | D40: 0 | E40: 0 | F40: 4.5 | AB40: =COUNTIF(C40:Z40,"P") -> 1 | AC40: =SUM(D40,I40,N40,S40,X40) -> 0 | AD40: =SUM(E40,J40,O40,T40,Y40) -> 0 | AE40: =SUM(AC40+AD40) -> 0 | AF40: =COUNTIF(G40:AA40,"F") -> 0 | AG40: =IFERROR(AVERAGE(F40,K40,P40,U40,Z40),"-") -> 4.5
B41: Pierre Paulo | C41: P | D41: 0 | E41: 1 | F41: 5.54 | H41: P | I41: 0 | J41: 1 | K41: 7 | M41: P | N41: 0 | O41: 2 | P41: 5.64 | W41: P | X41: 0 | Y41: 0 | Z41: 6.14 | AA41: F | AB41: =COUNTIF(C41:Z41,"P") -> 4 | AC41: =SUM(D41,I41,N41,S41,X41) -> 0 | AD41: =SUM(E41,J41,O41,T41,Y41) -> 4 | AE41: =SUM(AC41+AD41) -> 4 | AF41: =COUNTIF(G41:AA41,"F") -> 1 | AG41: =IFERROR(AVERAGE(F41,K41,P41,U41,Z41),"-") -> 6.08
B42: Rafael Mendes | AB42: =COUNTIF(C42:Z42,"P") -> 0 | AC42: =SUM(D42,I42,N42,S42,X42) -> 0 | AD42: =SUM(E42,J42,O42,T42,Y42) -> 0 | AE42: =SUM(AC42+AD42) -> 0 | AF42: =COUNTIF(G42:AA42,"F") -> 0 | AG42: =IFERROR(AVERAGE(F42,K42,P42,U42,Z42),"-") -> -
B43: Rafael Vasconcelos | AB43: =COUNTIF(C43:Z43,"P") -> 0 | AC43: =SUM(D43,I43,N43,S43,X43) -> 0 | AD43: =SUM(E43,J43,O43,T43,Y43) -> 0 | AE43: =SUM(AC43+AD43) -> 0 | AF43: =COUNTIF(G43:AA43,"F") -> 0 | AG43: =IFERROR(AVERAGE(F43,K43,P43,U43,Z43),"-") -> -
B44: Raphael Ambrosio | R44: P | S44: 0 | T44: 0 | U44: 5.16 | AB44: =COUNTIF(C44:Z44,"P") -> 1 | AC44: =SUM(D44,I44,N44,S44,X44) -> 0 | AD44: =SUM(E44,J44,O44,T44,Y44) -> 0 | AE44: =SUM(AC44+AD44) -> 0 | AF44: =COUNTIF(G44:AA44,"F") -> 0 | AG44: =IFERROR(AVERAGE(F44,K44,P44,U44,Z44),"-") -> 5.16
B45: Reinaldo Santana | H45: P | I45: 2 | J45: 0 | K45: 4.4 | M45: P | N45: 3 | O45: 2 | P45: 6.7 | Q45: F | R45: P | S45: 1 | T45: 1 | U45: 6.5 | W45: P | X45: 0 | Y45: 1 | Z45: 5.7 | AA45: F | AB45: =COUNTIF(C45:Z45,"P") -> 4 | AC45: =SUM(D45,I45,N45,S45,X45) -> 6 | AD45: =SUM(E45,J45,O45,T45,Y45) -> 4 | AE45: =SUM(AC45+AD45) -> 10 | AF45: =COUNTIF(G45:AA45,"F") -> 2 | AG45: =IFERROR(AVERAGE(F45,K45,P45,U45,Z45),"-") -> 5.825
B46: Ricardo Marchesini (GK) | W46: P | X46: 0 | Y46: 0 | Z46: 4.54 | AB46: =COUNTIF(C46:Z46,"P") -> 1 | AC46: =SUM(D46,I46,N46,S46,X46) -> 0 | AD46: =SUM(E46,J46,O46,T46,Y46) -> 0 | AE46: =SUM(AC46+AD46) -> 0 | AF46: =COUNTIF(G46:AA46,"F") -> 0 | AG46: =IFERROR(AVERAGE(F46,K46,P46,U46,Z46),"-") -> 4.54
B47: Ruan Amorim | C47: P | D47: 0 | E47: 0 | F47: 5.54 | H47: P | I47: 1 | J47: 1 | K47: 6.4 | M47: P | N47: 0 | O47: 0 | P47: 5.6 | R47: P | S47: 0 | T47: 0 | U47: 6.92 | V47: F | W47: P | X47: 0 | Y47: 0 | Z47: 5.16 | AB47: =COUNTIF(C47:Z47,"P") -> 5 | AC47: =SUM(D47,I47,N47,S47,X47) -> 1 | AD47: =SUM(E47,J47,O47,T47,Y47) -> 1 | AE47: =SUM(AC47+AD47) -> 2 | AF47: =COUNTIF(G47:AA47,"F") -> 1 | AG47: =IFERROR(AVERAGE(F47,K47,P47,U47,Z47),"-") -> 5.924
B48: Salomão Charbel | AB48: =COUNTIF(C48:Z48,"P") -> 0 | AC48: =SUM(D48,I48,N48,S48,X48) -> 0 | AD48: =SUM(E48,J48,O48,T48,Y48) -> 0 | AE48: =SUM(AC48+AD48) -> 0 | AF48: =COUNTIF(G48:AA48,"F") -> 0 | AG48: =IFERROR(AVERAGE(F48,K48,P48,U48,Z48),"-") -> -
B49: Thiago Amorim - Caputira | AB49: =COUNTIF(C49:Z49,"P") -> 0 | AC49: =SUM(D49,I49,N49,S49,X49) -> 0 | AD49: =SUM(E49,J49,O49,T49,Y49) -> 0 | AE49: =SUM(AC49+AD49) -> 0 | AF49: =COUNTIF(G49:AA49,"F") -> 0 | AG49: =IFERROR(AVERAGE(F49,K49,P49,U49,Z49),"-") -> -
B50: Wanderson Santiago | AB50: =COUNTIF(C50:Z50,"P") -> 0 | AC50: =SUM(D50,I50,N50,S50,X50) -> 0 | AD50: =SUM(E50,J50,O50,T50,Y50) -> 0 | AE50: =SUM(AC50+AD50) -> 0 | AF50: =COUNTIF(G50:AA50,"F") -> 0 | AG50: =IFERROR(AVERAGE(F50,K50,P50,U50,Z50),"-") -> -
B51: Wellington Leite | AB51: =COUNTIF(C51:Z51,"P") -> 0 | AC51: =SUM(D51,I51,N51,S51,X51) -> 0 | AD51: =SUM(E51,J51,O51,T51,Y51) -> 0 | AE51: =SUM(AC51+AD51) -> 0 | AF51: =COUNTIF(G51:AA51,"F") -> 0 | AG51: =IFERROR(AVERAGE(F51,K51,P51,U51,Z51),"-") -> -
B52: Yamam Fagundes | AB52: =COUNTIF(C52:Z52,"P") -> 0 | AC52: =SUM(D52,I52,N52,S52,X52) -> 0 | AD52: =SUM(E52,J52,O52,T52,Y52) -> 0 | AE52: =SUM(AC52+AD52) -> 0 | AF52: =COUNTIF(G52:AA52,"F") -> 0 | AG52: =IFERROR(AVERAGE(F52,K52,P52,U52,Z52),"-") -> -

Sheet OUT
B1: PELADA DA RESENHA - TERÇA 20H
B3: JOGADOR | C3: 45937 | H3: =C3+7 -> 45944 | M3: =H3+7 -> 45951 | R3: =M3+7 -> 45958 | W3: - | AB3: PRESENÇA | AC3: GOLS TOTAIS | AD3: ASSIST TOTAIS | AE3: G+A | AF3: FOTO | AG3: MÉDIA TOTAL
C4: PRESENTE | D4: GOL | E4: ASSIST | F4: NOTA | G4: FOTO | H4: PRESENTE | I4: GOL | J4: ASSIST | K4: NOTA | L4: FOTO | M4: PRESENTE | N4: GOL | O4: ASSIST | P4: NOTA | Q4: FOTO | R4: PRESENTE | S4: GOL | T4: ASSIST | U4: NOTA | V4: FOTO | W4: PRESENTE | X4: GOL | Y4: ASSIST | Z4: NOTA | AA4: FOTO
B5: Alberto Henrique | H5: P | I5: 3 | J5: 2 | K5: 6.6 | L5: F | M5: P | N5: 0 | O5: 2 | P5: 7 | Q5: F | R5: P | S5: 1 | T5: 0 | U5: 5.24 | AB5: =COUNTIF(C5:Z5,"P") -> 3 | AC5: =SUM(D5,I5,N5,S5,X5) -> 4 | AD5: =SUM(E5,J5,O5,T5,Y5) -> 4 | AE5: =SUM(AC5+AD5) -> 8 | AF5: =COUNTIF(G5:AA5,"F") -> 2 | AG5: =IFERROR(AVERAGE(F5,K5,P5,U5,Z5),"-") -> 6.28
B6: Allan Borela | C6: P | D6: 0 | E6: 1 | F6: 3.34 | H6: P | I6: 2 | J6: 1 | K6: 4.6 | M6: P | N6: 0 | O6: 0 | P6: 4.08 | AB6: =COUNTIF(C6:Z6,"P") -> 3 | AC6: =SUM(D6,I6,N6,S6,X6) -> 2 | AD6: =SUM(E6,J6,O6,T6,Y6) -> 2 | AE6: =SUM(AC6+AD6) -> 4 | AF6: =COUNTIF(G6:AA6,"F") -> 0 | AG6: =IFERROR(AVERAGE(F6,K6,P6,U6,Z6),"-") -> 4.0066667
B7: Breno (GK) | AB7: =COUNTIF(C7:Z7,"P") -> 0 | AC7: =SUM(D7,I7,N7,S7,X7) -> 0 | AD7: =SUM(E7,J7,O7,T7,Y7) -> 0 | AE7: =SUM(AC7+AD7) -> 0 | AF7: =COUNTIF(G7:AA7,"F") -> 0 | AG7: =IFERROR(AVERAGE(F7,K7,P7,U7,Z7),"-") -> -
B8: Daniel Medeiros (GK) | AB8: =COUNTIF(C8:Z8,"P") -> 0 | AC8: =SUM(D8,I8,N8,S8,X8) -> 0 | AD8: =SUM(E8,J8,O8,T8,Y8) -> 0 | AE8: =SUM(AC8+AD8) -> 0 | AF8: =COUNTIF(G8:AA8,"F") -> 0 | AG8: =IFERROR(AVERAGE(F8,K8,P8,U8,Z8),"-") -> -
B9: David Melo | H9: P | I9: 1 | J9: 0 | K9: 5.66 | L9: F | M9: P | N9: 2 | O9: 0 | P9: 9.24 | Q9: F | R9: P | S9: 0 | T9: 0 | U9: 5.46 | AB9: =COUNTIF(C9:Z9,"P") -> 3 | AC9: =SUM(D9,I9,N9,S9,X9) -> 3 | AD9: =SUM(E9,J9,O9,T9,Y9) -> 0 | AE9: =SUM(AC9+AD9) -> 3 | AF9: =COUNTIF(G9:AA9,"F") -> 2 | AG9: =IFERROR(AVERAGE(F9,K9,P9,U9,Z9),"-") -> 6.7866667
B10: Douglas DG (GK) | C10: P | D10: 0 | E10: 0 | F10: 6.36 | G10: F | H10: P | I10: 0 | J10: 0 | K10: 6.2 | L10: F | M10: P | N10: 0 | O10: 0 | P10: 3.7 | R10: P | S10: 0 | T10: 0 | U10: 6.36 | V10: F | AB10: =COUNTIF(C10:Z10,"P") -> 4 | AC10: =SUM(D10,I10,N10,S10,X10) -> 0 | AD10: =SUM(E10,J10,O10,T10,Y10) -> 0 | AE10: =SUM(AC10+AD10) -> 0 | AF10: =COUNTIF(G10:AA10,"F") -> 3 | AG10: =IFERROR(AVERAGE(F10,K10,P10,U10,Z10),"-") -> 5.655
B11: Felipe Horsts | C11: P | D11: 2 | E11: 3 | F11: 7.06 | G11: F | H11: P | I11: 3 | J11: 3 | K11: 6.26 | M11: P | N11: 0 | O11: 0 | P11: 5.38 | AB11: =COUNTIF(C11:Z11,"P") -> 3 | AC11: =SUM(D11,I11,N11,S11,X11) -> 5 | AD11: =SUM(E11,J11,O11,T11,Y11) -> 6 | AE11: =SUM(AC11+AD11) -> 11 | AF11: =COUNTIF(G11:AA11,"F") -> 1 | AG11: =IFERROR(AVERAGE(F11,K11,P11,U11,Z11),"-") -> 6.2333333
B12: Gabriel Andrade | C12: P | D12: 2 | E12: 2 | F12: 5.14 | H12: P | I12: 2 | J12: 2 | K12: 5.6 | L12: F | M12: P | N12: 2 | O12: 0 | P12: 6.34 | Q12: F | R12: P | S12: 5 | T12: 0 | U12: 8.16 | V12: F | AB12: =COUNTIF(C12:Z12,"P") -> 4 | AC12: =SUM(D12,I12,N12,S12,X12) -> 11 | AD12: =SUM(E12,J12,O12,T12,Y12) -> 4 | AE12: =SUM(AC12+AD12) -> 15 | AF12: =COUNTIF(G12:AA12,"F") -> 3 | AG12: =IFERROR(AVERAGE(F12,K12,P12,U12,Z12),"-") -> 6.31
B13: Gabriel Castro | AB13: =COUNTIF(C13:Z13,"P") -> 0 | AC13: =SUM(D13,I13,N13,S13,X13) -> 0 | AD13: =SUM(E13,J13,O13,T13,Y13) -> 0 | AE13: =SUM(AC13+AD13) -> 0 | AF13: =COUNTIF(G13:AA13,"F") -> 0 | AG13: =IFERROR(AVERAGE(F13,K13,P13,U13,Z13),"-") -> -
B14: Gabriel Cosendey | C14: P | D14: 0 | E14: 0 | F14: 5.86 | AB14: =COUNTIF(C14:Z14,"P") -> 1 | AC14: =SUM(D14,I14,N14,S14,X14) -> 0 | AD14: =SUM(E14,J14,O14,T14,Y14) -> 0 | AE14: =SUM(AC14+AD14) -> 0 | AF14: =COUNTIF(G14:AA14,"F") -> 0 | AG14: =IFERROR(AVERAGE(F14,K14,P14,U14,Z14),"-") -> 5.86
B15: Gabriel Teixeira | C15: P | D15: 0 | E15: 0 | F15: 4.66 | AB15: =COUNTIF(C15:Z15,"P") -> 1 | AC15: =SUM(D15,I15,N15,S15,X15) -> 0 | AD15: =SUM(E15,J15,O15,T15,Y15) -> 0 | AE15: =SUM(AC15+AD15) -> 0 | AF15: =COUNTIF(G15:AA15,"F") -> 0 | AG15: =IFERROR(AVERAGE(F15,K15,P15,U15,Z15),"-") -> 4.66
B16: Guilherme Santos (GK) | C16: P | D16: 0 | E16: 0 | F16: 5.34 | H16: P | I16: 0 | J16: 0 | K16: 5.54 | M16: P | N16: 0 | O16: 0 | P16: 6.08 | R16: P | S16: 0 | T16: 0 | U16: 5.54 | AB16: =COUNTIF(C16:Z16,"P") -> 4 | AC16: =SUM(D16,I16,N16,S16,X16) -> 0 | AD16: =SUM(E16,J16,O16,T16,Y16) -> 0 | AE16: =SUM(AC16+AD16) -> 0 | AF16: =COUNTIF(G16:AA16,"F") -> 0 | AG16: =IFERROR(AVERAGE(F16,K16,P16,U16,Z16),"-") -> 5.625
B17: Gustavo Bumbum (GK) | AB17: =COUNTIF(C17:Z17,"P") -> 0 | AC17: =SUM(D17,I17,N17,S17,X17) -> 0 | AD17: =SUM(E17,J17,O17,T17,Y17) -> 0 | AE17: =SUM(AC17+AD17) -> 0 | AF17: =COUNTIF(G17:AA17,"F") -> 0 | AG17: =IFERROR(AVERAGE(F17,K17,P17,U17,Z17),"-") -> -
B18: Gustavo Gomes | R18: P | S18: 0 | T18: 0 | U18: 2.86 | AB18: =COUNTIF(C18:Z18,"P") -> 1 | AC18: =SUM(D18,I18,N18,S18,X18) -> 0 | AD18: =SUM(E18,J18,O18,T18,Y18) -> 0 | AE18: =SUM(AC18+AD18) -> 0 | AF18: =COUNTIF(G18:AA18,"F") -> 0 | AG18: =IFERROR(AVERAGE(F18,K18,P18,U18,Z18),"-") -> 2.86
B19: Henrique Viza | H19: P | I19: 0 | J19: 3 | K19: 4.62 | AB19: =COUNTIF(C19:Z19,"P") -> 1 | AC19: =SUM(D19,I19,N19,S19,X19) -> 0 | AD19: =SUM(E19,J19,O19,T19,Y19) -> 3 | AE19: =SUM(AC19+AD19) -> 3 | AF19: =COUNTIF(G19:AA19,"F") -> 0 | AG19: =IFERROR(AVERAGE(F19,K19,P19,U19,Z19),"-") -> 4.62
B20: Jeferson Neves | H20: P | I20: 0 | J20: 1 | K20: 5.12 | L20: F | M20: P | N20: 0 | O20: 0 | P20: 4.76 | AB20: =COUNTIF(C20:Z20,"P") -> 2 | AC20: =SUM(D20,I20,N20,S20,X20) -> 0 | AD20: =SUM(E20,J20,O20,T20,Y20) -> 1 | AE20: =SUM(AC20+AD20) -> 1 | AF20: =COUNTIF(G20:AA20,"F") -> 1 | AG20: =IFERROR(AVERAGE(F20,K20,P20,U20,Z20),"-") -> 4.94
B21: João Victor - Bazim | R21: P | S21: 0 | T21: 0 | U21: 5.14 | AB21: =COUNTIF(C21:Z21,"P") -> 1 | AC21: =SUM(D21,I21,N21,S21,X21) -> 0 | AD21: =SUM(E21,J21,O21,T21,Y21) -> 0 | AE21: =SUM(AC21+AD21) -> 0 | AF21: =COUNTIF(G21:AA21,"F") -> 0 | AG21: =IFERROR(AVERAGE(F21,K21,P21,U21,Z21),"-") -> 5.14
B22: João Vitor Nunes | C22: P | D22: 3 | E22: 1 | F22: 6.54 | G22: F | H22: P | I22: 5 | J22: 4 | K22: 7.4 | L22: F | M22: P | N22: 2 | O22: 1 | P22: 4.84 | R22: P | S22: 1 | T22: 2 | U22: 4.72 | AB22: =COUNTIF(C22:Z22,"P") -> 4 | AC22: =SUM(D22,I22,N22,S22,X22) -> 11 | AD22: =SUM(E22,J22,O22,T22,Y22) -> 8 | AE22: =SUM(AC22+AD22) -> 19 | AF22: =COUNTIF(G22:AA22,"F") -> 2 | AG22: =IFERROR(AVERAGE(F22,K22,P22,U22,Z22),"-") -> 5.875
B23: José Guilherme | C23: P | D23: 1 | E23: 0 | F23: 4.66 | H23: P | I23: 2 | J23: 0 | K23: 4.66 | M23: P | N23: 1 | O23: 0 | P23: 6.38 | R23: P | S23: 2 | T23: 2 | U23: 5.08 | AB23: =COUNTIF(C23:Z23,"P") -> 4 | AC23: =SUM(D23,I23,N23,S23,X23) -> 6 | AD23: =SUM(E23,J23,O23,T23,Y23) -> 2 | AE23: =SUM(AC23+AD23) -> 8 | AF23: =COUNTIF(G23:AA23,"F") -> 0 | AG23: =IFERROR(AVERAGE(F23,K23,P23,U23,Z23),"-") -> 5.195
B24: Kyrius Barros | M24: P | N24: 0 | O24: 2 | P24: 4.72 | AB24: =COUNTIF(C24:Z24,"P") -> 1 | AC24: =SUM(D24,I24,N24,S24,X24) -> 0 | AD24: =SUM(E24,J24,O24,T24,Y24) -> 2 | AE24: =SUM(AC24+AD24) -> 2 | AF24: =COUNTIF(G24:AA24,"F") -> 0 | AG24: =IFERROR(AVERAGE(F24,K24,P24,U24,Z24),"-") -> 4.72
B25: Leo Bitencourt | C25: P | D25: 0 | E25: 0 | F25: 3.94 | H25: P | I25: 1 | J25: 0 | K25: 4.62 | AB25: =COUNTIF(C25:Z25,"P") -> 2 | AC25: =SUM(D25,I25,N25,S25,X25) -> 1 | AD25: =SUM(E25,J25,O25,T25,Y25) -> 0 | AE25: =SUM(AC25+AD25) -> 1 | AF25: =COUNTIF(G25:AA25,"F") -> 0 | AG25: =IFERROR(AVERAGE(F25,K25,P25,U25,Z25),"-") -> 4.28
B26: Leo Hubner | H26: P | I26: 1 | J26: 1 | K26: 4.4 | M26: P | N26: 1 | O26: 0 | P26: 5.58 | R26: P | S26: 1 | T26: 0 | U26: 5.08 | AB26: =COUNTIF(C26:Z26,"P") -> 3 | AC26: =SUM(D26,I26,N26,S26,X26) -> 3 | AD26: =SUM(E26,J26,O26,T26,Y26) -> 1 | AE26: =SUM(AC26+AD26) -> 4 | AF26: =COUNTIF(G26:AA26,"F") -> 0 | AG26: =IFERROR(AVERAGE(F26,K26,P26,U26,Z26),"-") -> 5.02
B27: Leo Starling | C27: P | D27: 3 | E27: 1 | F27: 8.34 | G27: F | H27: P | I27: 1 | J27: 2 | K27: 4.06 | M27: P | N27: 2 | O27: 0 | P27: 5.46 | Q27: F | AB27: =COUNTIF(C27:Z27,"P") -> 3 | AC27: =SUM(D27,I27,N27,S27,X27) -> 6 | AD27: =SUM(E27,J27,O27,T27,Y27) -> 3 | AE27: =SUM(AC27+AD27) -> 9 | AF27: =COUNTIF(G27:AA27,"F") -> 2 | AG27: =IFERROR(AVERAGE(F27,K27,P27,U27,Z27),"-") -> 5.9533333
B28: Lucas Bertolace | M28: P | N28: 0 | O28: 0 | P28: 5.78 | R28: P | S28: 1 | T28: 0 | U28: 6.16 | V28: F | AB28: =COUNTIF(C28:Z28,"P") -> 2 | AC28: =SUM(D28,I28,N28,S28,X28) -> 1 | AD28: =SUM(E28,J28,O28,T28,Y28) -> 0 | AE28: =SUM(AC28+AD28) -> 1 | AF28: =COUNTIF(G28:AA28,"F") -> 1 | AG28: =IFERROR(AVERAGE(F28,K28,P28,U28,Z28),"-") -> 5.97
B29: Lucas Borela | AB29: =COUNTIF(C29:Z29,"P") -> 0 | AC29: =SUM(D29,I29,N29,S29,X29) -> 0 | AD29: =SUM(E29,J29,O29,T29,Y29) -> 0 | AE29: =SUM(AC29+AD29) -> 0 | AF29: =COUNTIF(G29:AA29,"F") -> 0 | AG29: =IFERROR(AVERAGE(F29,K29,P29,U29,Z29),"-") -> -
B30: Lucas Gama - Passarim | C30: P | D30: 1 | E30: 1 | F30: 4.66 | H30: P | I30: 3 | J30: 1 | K30: 4.8 | M30: P | N30: 0 | O30: 0 | P30: 3.76 | R30: P | S30: 3 | T30: 1 | U30: 4.92 | AB30: =COUNTIF(C30:Z30,"P") -> 4 | AC30: =SUM(D30,I30,N30,S30,X30) -> 7 | AD30: =SUM(E30,J30,O30,T30,Y30) -> 3 | AE30: =SUM(AC30+AD30) -> 10 | AF30: =COUNTIF(G30:AA30,"F") -> 0 | AG30: =IFERROR(AVERAGE(F30,K30,P30,U30,Z30),"-") -> 4.535
B31: Lucas Leite - Coxinha | C31: P | D31: 0 | E31: 1 | F31: 4.94 | M31: P | N31: 0 | O31: 0 | P31: 5.46 | R31: P | S31: 2 | T31: 1 | U31: 4.92 | AB31: =COUNTIF(C31:Z31,"P") -> 3 | AC31: =SUM(D31,I31,N31,S31,X31) -> 2 | AD31: =SUM(E31,J31,O31,T31,Y31) -> 2 | AE31: =SUM(AC31+AD31) -> 4 | AF31: =COUNTIF(G31:AA31,"F") -> 0 | AG31: =IFERROR(AVERAGE(F31,K31,P31,U31,Z31),"-") -> 5.1066667
B32: Luis do Corte | AB32: =COUNTIF(C32:Z32,"P") -> 0 | AC32: =SUM(D32,I32,N32,S32,X32) -> 0 | AD32: =SUM(E32,J32,O32,T32,Y32) -> 0 | AE32: =SUM(AC32+AD32) -> 0 | AF32: =COUNTIF(G32:AA32,"F") -> 0 | AG32: =IFERROR(AVERAGE(F32,K32,P32,U32,Z32),"-") -> -
B33: Marcelo Castro | AB33: =COUNTIF(C33:Z33,"P") -> 0 | AC33: =SUM(D33,I33,N33,S33,X33) -> 0 | AD33: =SUM(E33,J33,O33,T33,Y33) -> 0 | AE33: =SUM(AC33+AD33) -> 0 | AF33: =COUNTIF(G33:AA33,"F") -> 0 | AG33: =IFERROR(AVERAGE(F33,K33,P33,U33,Z33),"-") -> -
B34: Marco Antonio | AB34: =COUNTIF(C34:Z34,"P") -> 0 | AC34: =SUM(D34,I34,N34,S34,X34) -> 0 | AD34: =SUM(E34,J34,O34,T34,Y34) -> 0 | AE34: =SUM(AC34+AD34) -> 0 | AF34: =COUNTIF(G34:AA34,"F") -> 0 | AG34: =IFERROR(AVERAGE(F34,K34,P34,U34,Z34),"-") -> -
B35: Matheus Gomes | C35: P | D35: 0 | E35: 0 | F35: 3.86 | H35: P | I35: 2 | J35: 3 | K35: 5.74 | M35: P | N35: 2 | O35: 3 | P35: 7.16 | Q35: F | R35: P | S35: 3 | T35: 4 | U35: 6.62 | V35: F | AB35: =COUNTIF(C35:Z35,"P") -> 4 | AC35: =SUM(D35,I35,N35,S35,X35) -> 7 | AD35: =SUM(E35,J35,O35,T35,Y35) -> 10 | AE35: =SUM(AC35+AD35) -> 17 | AF35: =COUNTIF(G35:AA35,"F") -> 2 | AG35: =IFERROR(AVERAGE(F35,K35,P35,U35,Z35),"-") -> 5.845
B36: Meurin | C36: P | D36: 1 | E36: 3 | F36: 7 | G36: F | H36: P | I36: 0 | J36: 0 | K36: 3.76 | M36: P | N36: 1 | O36: 0 | P36: 4.46 | R36: P | S36: 0 | T36: 1 | U36: 4 | AB36: =COUNTIF(C36:Z36,"P") -> 4 | AC36: =SUM(D36,I36,N36,S36,X36) -> 2 | AD36: =SUM(E36,J36,O36,T36,Y36) -> 4 | AE36: =SUM(AC36+AD36) -> 6 | AF36: =COUNTIF(G36:AA36,"F") -> 1 | AG36: =IFERROR(AVERAGE(F36,K36,P36,U36,Z36),"-") -> 4.805
B37: Pablo Brandão | H37: P | I37: 0 | J37: 1 | K37: 5.2 | AB37: =COUNTIF(C37:Z37,"P") -> 1 | AC37: =SUM(D37,I37,N37,S37,X37) -> 0 | AD37: =SUM(E37,J37,O37,T37,Y37) -> 1 | AE37: =SUM(AC37+AD37) -> 1 | AF37: =COUNTIF(G37:AA37,"F") -> 0 | AG37: =IFERROR(AVERAGE(F37,K37,P37,U37,Z37),"-") -> 5.2
B38: Pedro Abreu | AB38: =COUNTIF(C38:Z38,"P") -> 0 | AC38: =SUM(D38,I38,N38,S38,X38) -> 0 | AD38: =SUM(E38,J38,O38,T38,Y38) -> 0 | AE38: =SUM(AC38+AD38) -> 0 | AF38: =COUNTIF(G38:AA38,"F") -> 0 | AG38: =IFERROR(AVERAGE(F38,K38,P38,U38,Z38),"-") -> -
B39: Pedro Chequer | M39: P | N39: 0 | O39: 1 | P39: 5.84 | Q39: F | AB39: =COUNTIF(C39:Z39,"P") -> 1 | AC39: =SUM(D39,I39,N39,S39,X39) -> 0 | AD39: =SUM(E39,J39,O39,T39,Y39) -> 1 | AE39: =SUM(AC39+AD39) -> 1 | AF39: =COUNTIF(G39:AA39,"F") -> 1 | AG39: =IFERROR(AVERAGE(F39,K39,P39,U39,Z39),"-") -> 5.84
B40: Pedro Dias | AB40: =COUNTIF(C40:Z40,"P") -> 0 | AC40: =SUM(D40,I40,N40,S40,X40) -> 0 | AD40: =SUM(E40,J40,O40,T40,Y40) -> 0 | AE40: =SUM(AC40+AD40) -> 0 | AF40: =COUNTIF(G40:AA40,"F") -> 0 | AG40: =IFERROR(AVERAGE(F40,K40,P40,U40,Z40),"-") -> -
B41: Pierre Paulo | H41: P | I41: 0 | J41: 0 | K41: 3.62 | AB41: =COUNTIF(C41:Z41,"P") -> 1 | AC41: =SUM(D41,I41,N41,S41,X41) -> 0 | AD41: =SUM(E41,J41,O41,T41,Y41) -> 0 | AE41: =SUM(AC41+AD41) -> 0 | AF41: =COUNTIF(G41:AA41,"F") -> 0 | AG41: =IFERROR(AVERAGE(F41,K41,P41,U41,Z41),"-") -> 3.62
B42: Rafael Mendes | AB42: =COUNTIF(C42:Z42,"P") -> 0 | AC42: =SUM(D42,I42,N42,S42,X42) -> 0 | AD42: =SUM(E42,J42,O42,T42,Y42) -> 0 | AE42: =SUM(AC42+AD42) -> 0 | AF42: =COUNTIF(G42:AA42,"F") -> 0 | AG42: =IFERROR(AVERAGE(F42,K42,P42,U42,Z42),"-") -> -
B43: Rafael Vasconcelos | AB43: =COUNTIF(C43:Z43,"P") -> 0 | AC43: =SUM(D43,I43,N43,S43,X43) -> 0 | AD43: =SUM(E43,J43,O43,T43,Y43) -> 0 | AE43: =SUM(AC43+AD43) -> 0 | AF43: =COUNTIF(G43:AA43,"F") -> 0 | AG43: =IFERROR(AVERAGE(F43,K43,P43,U43,Z43),"-") -> -
B44: Raphael Ambrosio | AB44: =COUNTIF(C44:Z44,"P") -> 0 | AC44: =SUM(D44,I44,N44,S44,X44) -> 0 | AD44: =SUM(E44,J44,O44,T44,Y44) -> 0 | AE44: =SUM(AC44+AD44) -> 0 | AF44: =COUNTIF(G44:AA44,"F") -> 0 | AG44: =IFERROR(AVERAGE(F44,K44,P44,U44,Z44),"-") -> -
B45: Reinaldo Santana | C45: P | D45: 1 | E45: 0 | F45: 6.94 | G45: F | H45: P | I45: 0 | J45: 0 | K45: 5.88 | L45: F | R45: P | S45: 0 | T45: 1 | U45: 4.38 | AB45: =COUNTIF(C45:Z45,"P") -> 3 | AC45: =SUM(D45,I45,N45,S45,X45) -> 1 | AD45: =SUM(E45,J45,O45,T45,Y45) -> 1 | AE45: =SUM(AC45+AD45) -> 2 | AF45: =COUNTIF(G45:AA45,"F") -> 2 | AG45: =IFERROR(AVERAGE(F45,K45,P45,U45,Z45),"-") -> 5.7333333
B46: Ricardo Marchesini (GK) | C46: P | D46: 0 | E46: 0 | F46: 5.54 | H46: P | I46: 0 | J46: 0 | K46: 4.26 | AB46: =COUNTIF(C46:Z46,"P") -> 2 | AC46: =SUM(D46,I46,N46,S46,X46) -> 0 | AD46: =SUM(E46,J46,O46,T46,Y46) -> 0 | AE46: =SUM(AC46+AD46) -> 0 | AF46: =COUNTIF(G46:AA46,"F") -> 0 | AG46: =IFERROR(AVERAGE(F46,K46,P46,U46,Z46),"-") -> 4.9
B47: Ruan Amorim | H47: P | I47: 0 | J47: 0 | K47: 5.6 | AB47: =COUNTIF(C47:Z47,"P") -> 1 | AC47: =SUM(D47,I47,N47,S47,X47) -> 0 | AD47: =SUM(E47,J47,O47,T47,Y47) -> 0 | AE47: =SUM(AC47+AD47) -> 0 | AF47: =COUNTIF(G47:AA47,"F") -> 0 | AG47: =IFERROR(AVERAGE(F47,K47,P47,U47,Z47),"-") -> 5.6
B48: Salomão Charbel | C48: P | D48: 2 | E48: 0 | H48: P | I48: 0 | J48: 0 | K48: 4.32 | M48: P | N48: 0 | O48: 0 | P48: 5.76 | R48: P | S48: 1 | T48: 0 | U48: 5.84 | V48: F | AB48: =COUNTIF(C48:Z48,"P") -> 4 | AC48: =SUM(D48,I48,N48,S48,X48) -> 3 | AD48: =SUM(E48,J48,O48,T48,Y48) -> 0 | AE48: =SUM(AC48+AD48) -> 3 | AF48: =COUNTIF(G48:AA48,"F") -> 1 | AG48: =IFERROR(AVERAGE(F48,K48,P48,U48,Z48),"-") -> 5.3066667
B49: Thiago Amorim - Caputira | AB49: =COUNTIF(C49:Z49,"P") -> 0 | AC49: =SUM(D49,I49,N49,S49,X49) -> 0 | AD49: =SUM(E49,J49,O49,T49,Y49) -> 0 | AE49: =SUM(AC49+AD49) -> 0 | AF49: =COUNTIF(G49:AA49,"F") -> 0 | AG49: =IFERROR(AVERAGE(F49,K49,P49,U49,Z49),"-") -> -
B50: Wanderson Santiago | AB50: =COUNTIF(C50:Z50,"P") -> 0 | AC50: =SUM(D50,I50,N50,S50,X50) -> 0 | AD50: =SUM(E50,J50,O50,T50,Y50) -> 0 | AE50: =SUM(AC50+AD50) -> 0 | AF50: =COUNTIF(G50:AA50,"F") -> 0 | AG50: =IFERROR(AVERAGE(F50,K50,P50,U50,Z50),"-") -> -
B51: Wellington Leite | H51: P | I51: 1 | J51: 0 | K51: 5.12 | R51: P | S51: 0 | T51: 3 | U51: 5.92 | V51: F | AB51: =COUNTIF(C51:Z51,"P") -> 2 | AC51: =SUM(D51,I51,N51,S51,X51) -> 1 | AD51: =SUM(E51,J51,O51,T51,Y51) -> 3 | AE51: =SUM(AC51+AD51) -> 4 | AF51: =COUNTIF(G51:AA51,"F") -> 1 | AG51: =IFERROR(AVERAGE(F51,K51,P51,U51,Z51),"-") -> 5.52
B52: Yamam Fagundes | C52: P | D52: 0 | E52: 0 | F52: 5.94 | G52: F | H52: P | I52: 0 | J52: 1 | K52: 4.76 | AB52: =COUNTIF(C52:Z52,"P") -> 2 | AC52: =SUM(D52,I52,N52,S52,X52) -> 0 | AD52: =SUM(E52,J52,O52,T52,Y52) -> 1 | AE52: =SUM(AC52+AD52) -> 1 | AF52: =COUNTIF(G52:AA52,"F") -> 1 | AG52: =IFERROR(AVERAGE(F52,K52,P52,U52,Z52),"-") -> 5.35

Sheet NOV
B1: PELADA DA RESENHA - TERÇA 20H
B3: JOGADOR | C3: 45965 | H3: =C3+7 -> 45972 | M3: =H3+7 -> 45979 | R3: =M3+7 -> 45986 | AB3: PRESENÇA | AC3: GOLS TOTAIS | AD3: ASSIST TOTAIS | AE3: G+A | AF3: FOTO | AG3: MÉDIA TOTAL
C4: PRESENTE | D4: GOL | E4: ASSIST | F4: NOTA | G4: FOTO | H4: PRESENTE | I4: GOL | J4: ASSIST | K4: NOTA | L4: FOTO | M4: PRESENTE | N4: GOL | O4: ASSIST | P4: NOTA | Q4: FOTO | R4: PRESENTE | S4: GOL | T4: ASSIST | U4: NOTA | V4: FOTO | W4: PRESENTE | X4: GOL | Y4: ASSIST | Z4: NOTA | AA4: FOTO
B5: Alberto Henrique | AB5: =COUNTIF(C5:Z5,"P") -> 0 | AC5: =SUM(D5,I5,N5,S5,X5) -> 0 | AD5: =SUM(E5,J5,O5,T5,Y5) -> 0 | AE5: =SUM(AC5+AD5) -> 0 | AF5: =COUNTIF(G5:AA5,"F") -> 0 | AG5: =IFERROR(AVERAGE(F5,K5,P5,U5,Z5),"-") -> -
B6: Allan Borela | C6: P | D6: 1 | E6: 1 | F6: 4.42 | G6: F | AB6: =COUNTIF(C6:Z6,"P") -> 1 | AC6: =SUM(D6,I6,N6,S6,X6) -> 1 | AD6: =SUM(E6,J6,O6,T6,Y6) -> 1 | AE6: =SUM(AC6+AD6) -> 2 | AF6: =COUNTIF(G6:AA6,"F") -> 1 | AG6: =IFERROR(AVERAGE(F6,K6,P6,U6,Z6),"-") -> 4.42
B7: Breno (GK) | AB7: =COUNTIF(C7:Z7,"P") -> 0 | AC7: =SUM(D7,I7,N7,S7,X7) -> 0 | AD7: =SUM(E7,J7,O7,T7,Y7) -> 0 | AE7: =SUM(AC7+AD7) -> 0 | AF7: =COUNTIF(G7:AA7,"F") -> 0 | AG7: =IFERROR(AVERAGE(F7,K7,P7,U7,Z7),"-") -> -
B8: Daniel Medeiros (GK) | AB8: =COUNTIF(C8:Z8,"P") -> 0 | AC8: =SUM(D8,I8,N8,S8,X8) -> 0 | AD8: =SUM(E8,J8,O8,T8,Y8) -> 0 | AE8: =SUM(AC8+AD8) -> 0 | AF8: =COUNTIF(G8:AA8,"F") -> 0 | AG8: =IFERROR(AVERAGE(F8,K8,P8,U8,Z8),"-") -> -
B9: David Melo | AB9: =COUNTIF(C9:Z9,"P") -> 0 | AC9: =SUM(D9,I9,N9,S9,X9) -> 0 | AD9: =SUM(E9,J9,O9,T9,Y9) -> 0 | AE9: =SUM(AC9+AD9) -> 0 | AF9: =COUNTIF(G9:AA9,"F") -> 0 | AG9: =IFERROR(AVERAGE(F9,K9,P9,U9,Z9),"-") -> -
B10: Douglas DG (GK) | AB10: =COUNTIF(C10:Z10,"P") -> 0 | AC10: =SUM(D10,I10,N10,S10,X10) -> 0 | AD10: =SUM(E10,J10,O10,T10,Y10) -> 0 | AE10: =SUM(AC10+AD10) -> 0 | AF10: =COUNTIF(G10:AA10,"F") -> 0 | AG10: =IFERROR(AVERAGE(F10,K10,P10,U10,Z10),"-") -> -
B11: Felipe Horsts | AB11: =COUNTIF(C11:Z11,"P") -> 0 | AC11: =SUM(D11,I11,N11,S11,X11) -> 0 | AD11: =SUM(E11,J11,O11,T11,Y11) -> 0 | AE11: =SUM(AC11+AD11) -> 0 | AF11: =COUNTIF(G11:AA11,"F") -> 0 | AG11: =IFERROR(AVERAGE(F11,K11,P11,U11,Z11),"-") -> -
B12: Gabriel Andrade | AB12: =COUNTIF(C12:Z12,"P") -> 0 | AC12: =SUM(D12,I12,N12,S12,X12) -> 0 | AD12: =SUM(E12,J12,O12,T12,Y12) -> 0 | AE12: =SUM(AC12+AD12) -> 0 | AF12: =COUNTIF(G12:AA12,"F") -> 0 | AG12: =IFERROR(AVERAGE(F12,K12,P12,U12,Z12),"-") -> -
B13: Gabriel Castro | AB13: =COUNTIF(C13:Z13,"P") -> 0 | AC13: =SUM(D13,I13,N13,S13,X13) -> 0 | AD13: =SUM(E13,J13,O13,T13,Y13) -> 0 | AE13: =SUM(AC13+AD13) -> 0 | AF13: =COUNTIF(G13:AA13,"F") -> 0 | AG13: =IFERROR(AVERAGE(F13,K13,P13,U13,Z13),"-") -> -
B14: Gabriel Cosendey | AB14: =COUNTIF(C14:Z14,"P") -> 0 | AC14: =SUM(D14,I14,N14,S14,X14) -> 0 | AD14: =SUM(E14,J14,O14,T14,Y14) -> 0 | AE14: =SUM(AC14+AD14) -> 0 | AF14: =COUNTIF(G14:AA14,"F") -> 0 | AG14: =IFERROR(AVERAGE(F14,K14,P14,U14,Z14),"-") -> -
B15: Gabriel Teixeira | AB15: =COUNTIF(C15:Z15,"P") -> 0 | AC15: =SUM(D15,I15,N15,S15,X15) -> 0 | AD15: =SUM(E15,J15,O15,T15,Y15) -> 0 | AE15: =SUM(AC15+AD15) -> 0 | AF15: =COUNTIF(G15:AA15,"F") -> 0 | AG15: =IFERROR(AVERAGE(F15,K15,P15,U15,Z15),"-") -> -
B16: Guilherme Santos (GK) | C16: P | D16: 0 | E16: 0 | F16: 6.76 | AB16: =COUNTIF(C16:Z16,"P") -> 1 | AC16: =SUM(D16,I16,N16,S16,X16) -> 0 | AD16: =SUM(E16,J16,O16,T16,Y16) -> 0 | AE16: =SUM(AC16+AD16) -> 0 | AF16: =COUNTIF(G16:AA16,"F") -> 0 | AG16: =IFERROR(AVERAGE(F16,K16,P16,U16,Z16),"-") -> 6.76
B17: Gustavo Bumbum (GK) | AB17: =COUNTIF(C17:Z17,"P") -> 0 | AC17: =SUM(D17,I17,N17,S17,X17) -> 0 | AD17: =SUM(E17,J17,O17,T17,Y17) -> 0 | AE17: =SUM(AC17+AD17) -> 0 | AF17: =COUNTIF(G17:AA17,"F") -> 0 | AG17: =IFERROR(AVERAGE(F17,K17,P17,U17,Z17),"-") -> -
B18: Gustavo Gomes | C18: P | D18: 0 | E18: 0 | F18: 4.34 | AB18: =COUNTIF(C18:Z18,"P") -> 1 | AC18: =SUM(D18,I18,N18,S18,X18) -> 0 | AD18: =SUM(E18,J18,O18,T18,Y18) -> 0 | AE18: =SUM(AC18+AD18) -> 0 | AF18: =COUNTIF(G18:AA18,"F") -> 0 | AG18: =IFERROR(AVERAGE(F18,K18,P18,U18,Z18),"-") -> 4.34
B19: Henrique Viza | AB19: =COUNTIF(C19:Z19,"P") -> 0 | AC19: =SUM(D19,I19,N19,S19,X19) -> 0 | AD19: =SUM(E19,J19,O19,T19,Y19) -> 0 | AE19: =SUM(AC19+AD19) -> 0 | AF19: =COUNTIF(G19:AA19,"F") -> 0 | AG19: =IFERROR(AVERAGE(F19,K19,P19,U19,Z19),"-") -> -
B20: Jeferson Neves | C20: P | D20: 1 | E20: 1 | F20: 6.42 | G20: F | AB20: =COUNTIF(C20:Z20,"P") -> 1 | AC20: =SUM(D20,I20,N20,S20,X20) -> 1 | AD20: =SUM(E20,J20,O20,T20,Y20) -> 1 | AE20: =SUM(AC20+AD20) -> 2 | AF20: =COUNTIF(G20:AA20,"F") -> 1 | AG20: =IFERROR(AVERAGE(F20,K20,P20,U20,Z20),"-") -> 6.42
B21: João Victor - Bazim | C21: P | D21: 3 | E21: 5 | F21: 7.58 | G21: F | AB21: =COUNTIF(C21:Z21,"P") -> 1 | AC21: =SUM(D21,I21,N21,S21,X21) -> 3 | AD21: =SUM(E21,J21,O21,T21,Y21) -> 5 | AE21: =SUM(AC21+AD21) -> 8 | AF21: =COUNTIF(G21:AA21,"F") -> 1 | AG21: =IFERROR(AVERAGE(F21,K21,P21,U21,Z21),"-") -> 7.58
B22: João Vitor Nunes | C22: P | D22: 0 | E22: 0 | F22: 5 | AB22: =COUNTIF(C22:Z22,"P") -> 1 | AC22: =SUM(D22,I22,N22,S22,X22) -> 0 | AD22: =SUM(E22,J22,O22,T22,Y22) -> 0 | AE22: =SUM(AC22+AD22) -> 0 | AF22: =COUNTIF(G22:AA22,"F") -> 0 | AG22: =IFERROR(AVERAGE(F22,K22,P22,U22,Z22),"-") -> 5
B23: José Guilherme | C23: P | D23: 3 | E23: 0 | F23: 7.42 | G23: F | AB23: =COUNTIF(C23:Z23,"P") -> 1 | AC23: =SUM(D23,I23,N23,S23,X23) -> 3 | AD23: =SUM(E23,J23,O23,T23,Y23) -> 0 | AE23: =SUM(AC23+AD23) -> 3 | AF23: =COUNTIF(G23:AA23,"F") -> 1 | AG23: =IFERROR(AVERAGE(F23,K23,P23,U23,Z23),"-") -> 7.42
B24: Kyrius Barros | AB24: =COUNTIF(C24:Z24,"P") -> 0 | AC24: =SUM(D24,I24,N24,S24,X24) -> 0 | AD24: =SUM(E24,J24,O24,T24,Y24) -> 0 | AE24: =SUM(AC24+AD24) -> 0 | AF24: =COUNTIF(G24:AA24,"F") -> 0 | AG24: =IFERROR(AVERAGE(F24,K24,P24,U24,Z24),"-") -> -
B25: Leo Bitencourt | AB25: =COUNTIF(C25:Z25,"P") -> 0 | AC25: =SUM(D25,I25,N25,S25,X25) -> 0 | AD25: =SUM(E25,J25,O25,T25,Y25) -> 0 | AE25: =SUM(AC25+AD25) -> 0 | AF25: =COUNTIF(G25:AA25,"F") -> 0 | AG25: =IFERROR(AVERAGE(F25,K25,P25,U25,Z25),"-") -> -
B26: Leo Hubner | AB26: =COUNTIF(C26:Z26,"P") -> 0 | AC26: =SUM(D26,I26,N26,S26,X26) -> 0 | AD26: =SUM(E26,J26,O26,T26,Y26) -> 0 | AE26: =SUM(AC26+AD26) -> 0 | AF26: =COUNTIF(G26:AA26,"F") -> 0 | AG26: =IFERROR(AVERAGE(F26,K26,P26,U26,Z26),"-") -> -
B27: Leo Starling | C27: P | D27: 2 | E27: 2 | F27: 6.16 | AB27: =COUNTIF(C27:Z27,"P") -> 1 | AC27: =SUM(D27,I27,N27,S27,X27) -> 2 | AD27: =SUM(E27,J27,O27,T27,Y27) -> 2 | AE27: =SUM(AC27+AD27) -> 4 | AF27: =COUNTIF(G27:AA27,"F") -> 0 | AG27: =IFERROR(AVERAGE(F27,K27,P27,U27,Z27),"-") -> 6.16
B28: Lucas Bertolace | C28: P | D28: 0 | E28: 0 | F28: 6.42 | AB28: =COUNTIF(C28:Z28,"P") -> 1 | AC28: =SUM(D28,I28,N28,S28,X28) -> 0 | AD28: =SUM(E28,J28,O28,T28,Y28) -> 0 | AE28: =SUM(AC28+AD28) -> 0 | AF28: =COUNTIF(G28:AA28,"F") -> 0 | AG28: =IFERROR(AVERAGE(F28,K28,P28,U28,Z28),"-") -> 6.42
B29: Lucas Borela | AB29: =COUNTIF(C29:Z29,"P") -> 0 | AC29: =SUM(D29,I29,N29,S29,X29) -> 0 | AD29: =SUM(E29,J29,O29,T29,Y29) -> 0 | AE29: =SUM(AC29+AD29) -> 0 | AF29: =COUNTIF(G29:AA29,"F") -> 0 | AG29: =IFERROR(AVERAGE(F29,K29,P29,U29,Z29),"-") -> -
B30: Lucas Gama - Passarim | C30: P | D30: 2 | E30: 1 | F30: 4.92 | AB30: =COUNTIF(C30:Z30,"P") -> 1 | AC30: =SUM(D30,I30,N30,S30,X30) -> 2 | AD30: =SUM(E30,J30,O30,T30,Y30) -> 1 | AE30: =SUM(AC30+AD30) -> 3 | AF30: =COUNTIF(G30:AA30,"F") -> 0 | AG30: =IFERROR(AVERAGE(F30,K30,P30,U30,Z30),"-") -> 4.92
B31: Lucas Leite - Coxinha | C31: P | D31: 7 | E31: 1 | F31: 8.66 | AB31: =COUNTIF(C31:Z31,"P") -> 1 | AC31: =SUM(D31,I31,N31,S31,X31) -> 7 | AD31: =SUM(E31,J31,O31,T31,Y31) -> 1 | AE31: =SUM(AC31+AD31) -> 8 | AF31: =COUNTIF(G31:AA31,"F") -> 0 | AG31: =IFERROR(AVERAGE(F31,K31,P31,U31,Z31),"-") -> 8.66
B32: Luis do Corte | AB32: =COUNTIF(C32:Z32,"P") -> 0 | AC32: =SUM(D32,I32,N32,S32,X32) -> 0 | AD32: =SUM(E32,J32,O32,T32,Y32) -> 0 | AE32: =SUM(AC32+AD32) -> 0 | AF32: =COUNTIF(G32:AA32,"F") -> 0 | AG32: =IFERROR(AVERAGE(F32,K32,P32,U32,Z32),"-") -> -
B33: Marcelo Castro | AB33: =COUNTIF(C33:Z33,"P") -> 0 | AC33: =SUM(D33,I33,N33,S33,X33) -> 0 | AD33: =SUM(E33,J33,O33,T33,Y33) -> 0 | AE33: =SUM(AC33+AD33) -> 0 | AF33: =COUNTIF(G33:AA33,"F") -> 0 | AG33: =IFERROR(AVERAGE(F33,K33,P33,U33,Z33),"-") -> -
B34: Marco Antonio | AB34: =COUNTIF(C34:Z34,"P") -> 0 | AC34: =SUM(D34,I34,N34,S34,X34) -> 0 | AD34: =SUM(E34,J34,O34,T34,Y34) -> 0 | AE34: =SUM(AC34+AD34) -> 0 | AF34: =COUNTIF(G34:AA34,"F") -> 0 | AG34: =IFERROR(AVERAGE(F34,K34,P34,U34,Z34),"-") -> -
B35: Matheus Gomes | C35: P | D35: 3 | E35: 2 | F35: 8.58 | G35: F | AB35: =COUNTIF(C35:Z35,"P") -> 1 | AC35: =SUM(D35,I35,N35,S35,X35) -> 3 | AD35: =SUM(E35,J35,O35,T35,Y35) -> 2 | AE35: =SUM(AC35+AD35) -> 5 | AF35: =COUNTIF(G35:AA35,"F") -> 1 | AG35: =IFERROR(AVERAGE(F35,K35,P35,U35,Z35),"-") -> 8.58
B36: Meurin | AB36: =COUNTIF(C36:Z36,"P") -> 0 | AC36: =SUM(D36,I36,N36,S36,X36) -> 0 | AD36: =SUM(E36,J36,O36,T36,Y36) -> 0 | AE36: =SUM(AC36+AD36) -> 0 | AF36: =COUNTIF(G36:AA36,"F") -> 0 | AG36: =IFERROR(AVERAGE(F36,K36,P36,U36,Z36),"-") -> -
B37: Pablo Brandão | C37: P | D37: 0 | E37: 0 | F37: 6 | AB37: =COUNTIF(C37:Z37,"P") -> 1 | AC37: =SUM(D37,I37,N37,S37,X37) -> 0 | AD37: =SUM(E37,J37,O37,T37,Y37) -> 0 | AE37: =SUM(AC37+AD37) -> 0 | AF37: =COUNTIF(G37:AA37,"F") -> 0 | AG37: =IFERROR(AVERAGE(F37,K37,P37,U37,Z37),"-") -> 6
B38: Pedro Abreu | C38: P | D38: 0 | E38: 0 | AB38: =COUNTIF(C38:Z38,"P") -> 1 | AC38: =SUM(D38,I38,N38,S38,X38) -> 0 | AD38: =SUM(E38,J38,O38,T38,Y38) -> 0 | AE38: =SUM(AC38+AD38) -> 0 | AF38: =COUNTIF(G38:AA38,"F") -> 0 | AG38: =IFERROR(AVERAGE(F38,K38,P38,U38,Z38),"-") -> -
B39: Pedro Chequer | AB39: =COUNTIF(C39:Z39,"P") -> 0 | AC39: =SUM(D39,I39,N39,S39,X39) -> 0 | AD39: =SUM(E39,J39,O39,T39,Y39) -> 0 | AE39: =SUM(AC39+AD39) -> 0 | AF39: =COUNTIF(G39:AA39,"F") -> 0 | AG39: =IFERROR(AVERAGE(F39,K39,P39,U39,Z39),"-") -> -
B40: Pedro Dias | AB40: =COUNTIF(C40:Z40,"P") -> 0 | AC40: =SUM(D40,I40,N40,S40,X40) -> 0 | AD40: =SUM(E40,J40,O40,T40,Y40) -> 0 | AE40: =SUM(AC40+AD40) -> 0 | AF40: =COUNTIF(G40:AA40,"F") -> 0 | AG40: =IFERROR(AVERAGE(F40,K40,P40,U40,Z40),"-") -> -
B41: Pierre Paulo | C41: P | D41: 0 | E41: 0 | F41: 6.7 | G41: F | AB41: =COUNTIF(C41:Z41,"P") -> 1 | AC41: =SUM(D41,I41,N41,S41,X41) -> 0 | AD41: =SUM(E41,J41,O41,T41,Y41) -> 0 | AE41: =SUM(AC41+AD41) -> 0 | AF41: =COUNTIF(G41:AA41,"F") -> 1 | AG41: =IFERROR(AVERAGE(F41,K41,P41,U41,Z41),"-") -> 6.7
B42: Rafael Mendes | AB42: =COUNTIF(C42:Z42,"P") -> 0 | AC42: =SUM(D42,I42,N42,S42,X42) -> 0 | AD42: =SUM(E42,J42,O42,T42,Y42) -> 0 | AE42: =SUM(AC42+AD42) -> 0 | AF42: =COUNTIF(G42:AA42,"F") -> 0 | AG42: =IFERROR(AVERAGE(F42,K42,P42,U42,Z42),"-") -> -
B43: Rafael Vasconcelos | AB43: =COUNTIF(C43:Z43,"P") -> 0 | AC43: =SUM(D43,I43,N43,S43,X43) -> 0 | AD43: =SUM(E43,J43,O43,T43,Y43) -> 0 | AE43: =SUM(AC43+AD43) -> 0 | AF43: =COUNTIF(G43:AA43,"F") -> 0 | AG43: =IFERROR(AVERAGE(F43,K43,P43,U43,Z43),"-") -> -
B44: Raphael Ambrosio | AB44: =COUNTIF(C44:Z44,"P") -> 0 | AC44: =SUM(D44,I44,N44,S44,X44) -> 0 | AD44: =SUM(E44,J44,O44,T44,Y44) -> 0 | AE44: =SUM(AC44+AD44) -> 0 | AF44: =COUNTIF(G44:AA44,"F") -> 0 | AG44: =IFERROR(AVERAGE(F44,K44,P44,U44,Z44),"-") -> -
B45: Reinaldo Santana | C45: P | D45: 1 | E45: 3 | F45: 5.46 | AB45: =COUNTIF(C45:Z45,"P") -> 1 | AC45: =SUM(D45,I45,N45,S45,X45) -> 1 | AD45: =SUM(E45,J45,O45,T45,Y45) -> 3 | AE45: =SUM(AC45+AD45) -> 4 | AF45: =COUNTIF(G45:AA45,"F") -> 0 | AG45: =IFERROR(AVERAGE(F45,K45,P45,U45,Z45),"-") -> 5.46
B46: Ricardo Marchesini (GK) | AB46: =COUNTIF(C46:Z46,"P") -> 0 | AC46: =SUM(D46,I46,N46,S46,X46) -> 0 | AD46: =SUM(E46,J46,O46,T46,Y46) -> 0 | AE46: =SUM(AC46+AD46) -> 0 | AF46: =COUNTIF(G46:AA46,"F") -> 0 | AG46: =IFERROR(AVERAGE(F46,K46,P46,U46,Z46),"-") -> -
B47: Ruan Amorim | C47: P | D47: 0 | E47: 0 | F47: 4.66 | AB47: =COUNTIF(C47:Z47,"P") -> 1 | AC47: =SUM(D47,I47,N47,S47,X47) -> 0 | AD47: =SUM(E47,J47,O47,T47,Y47) -> 0 | AE47: =SUM(AC47+AD47) -> 0 | AF47: =COUNTIF(G47:AA47,"F") -> 0 | AG47: =IFERROR(AVERAGE(F47,K47,P47,U47,Z47),"-") -> 4.66
B48: Salomão Charbel | C48: P | D48: 2 | E48: 0 | F48: 5.7 | AB48: =COUNTIF(C48:Z48,"P") -> 1 | AC48: =SUM(D48,I48,N48,S48,X48) -> 2 | AD48: =SUM(E48,J48,O48,T48,Y48) -> 0 | AE48: =SUM(AC48+AD48) -> 2 | AF48: =COUNTIF(G48:AA48,"F") -> 0 | AG48: =IFERROR(AVERAGE(F48,K48,P48,U48,Z48),"-") -> 5.7
B49: Thiago Amorim - Caputira | AB49: =COUNTIF(C49:Z49,"P") -> 0 | AC49: =SUM(D49,I49,N49,S49,X49) -> 0 | AD49: =SUM(E49,J49,O49,T49,Y49) -> 0 | AE49: =SUM(AC49+AD49) -> 0 | AF49: =COUNTIF(G49:AA49,"F") -> 0 | AG49: =IFERROR(AVERAGE(F49,K49,P49,U49,Z49),"-") -> -
B50: Wanderson Santiago | AB50: =COUNTIF(C50:Z50,"P") -> 0 | AC50: =SUM(D50,I50,N50,S50,X50) -> 0 | AD50: =SUM(E50,J50,O50,T50,Y50) -> 0 | AE50: =SUM(AC50+AD50) -> 0 | AF50: =COUNTIF(G50:AA50,"F") -> 0 | AG50: =IFERROR(AVERAGE(F50,K50,P50,U50,Z50),"-") -> -
B51: Wellington Leite | AB51: =COUNTIF(C51:Z51,"P") -> 0 | AC51: =SUM(D51,I51,N51,S51,X51) -> 0 | AD51: =SUM(E51,J51,O51,T51,Y51) -> 0 | AE51: =SUM(AC51+AD51) -> 0 | AF51: =COUNTIF(G51:AA51,"F") -> 0 | AG51: =IFERROR(AVERAGE(F51,K51,P51,U51,Z51),"-") -> -
B52: Yamam Fagundes | AB52: =COUNTIF(C52:Z52,"P") -> 0 | AC52: =SUM(D52,I52,N52,S52,X52) -> 0 | AD52: =SUM(E52,J52,O52,T52,Y52) -> 0 | AE52: =SUM(AC52+AD52) -> 0 | AF52: =COUNTIF(G52:AA52,"F") -> 0 | AG52: =IFERROR(AVERAGE(F52,K52,P52,U52,Z52),"-") -> -

Sheet DEZ
B1: PELADA DA RESENHA - TERÇA 20H
B3: JOGADOR | C3: 45839 | H3: =C3+7 -> 45846 | M3: =H3+7 -> 45853 | R3: =M3+7 -> 45860 | W3: =R3+7 -> 45867 | AB3: PRESENÇA | AC3: GOLS TOTAIS | AD3: ASSIST TOTAIS | AE3: G+A | AF3: MÉDIA TOTAL | AG3: MÉDIA POND
C4: PRESENTE | D4: GOL | E4: ASSIST | F4: NOTA | G4: FOTO | H4: PRESENTE | I4: GOL | J4: ASSIST | K4: NOTA | L4: FOTO | M4: PRESENTE | N4: GOL | O4: ASSIST | P4: NOTA | Q4: FOTO | R4: PRESENTE | S4: GOL | T4: ASSIST | U4: NOTA | V4: FOTO | W4: PRESENTE | X4: GOL | Y4: ASSIST | Z4: NOTA | AA4: FOTO
B5: Alberto Henrique | AB5: =COUNTIF(C5:Z5,"P") -> 0 | AC5: =SUM(D5,I5,N5,S5,X5) -> 0 | AD5: =SUM(E5,J5,O5,T5,Y5) -> 0 | AE5: =SUM(AC5+AD5) -> 0 | AF5: =IFERROR(AVERAGE(F5,K5,P5,U5,Z5),"-") -> - | AG5: =IFERROR(((AC5*#REF!)+(AD5*#REF!)+(AF5*#REF!))/SUM(#REF!),"")
B6: Allan Borela | AB6: =COUNTIF(C6:Z6,"P") -> 0 | AC6: =SUM(D6,I6,N6,S6,X6) -> 0 | AD6: =SUM(E6,J6,O6,T6,Y6) -> 0 | AE6: =SUM(AC6+AD6) -> 0 | AF6: =IFERROR(AVERAGE(F6,K6,P6,U6,Z6),"-") -> - | AG6: =IFERROR(((AC6*#REF!)+(AD6*#REF!)+(AF6*#REF!))/SUM(#REF!),"")
B7: Breno (GK) | AB7: =COUNTIF(C7:Z7,"P") -> 0 | AC7: =SUM(D7,I7,N7,S7,X7) -> 0 | AD7: =SUM(E7,J7,O7,T7,Y7) -> 0 | AE7: =SUM(AC7+AD7) -> 0 | AF7: =IFERROR(AVERAGE(F7,K7,P7,U7,Z7),"-") -> - | AG7: =IFERROR(((AC7*#REF!)+(AD7*#REF!)+(AF7*#REF!))/SUM(#REF!),"")
B8: Daniel Medeiros (GK) | AB8: =COUNTIF(C8:Z8,"P") -> 0 | AC8: =SUM(D8,I8,N8,S8,X8) -> 0 | AD8: =SUM(E8,J8,O8,T8,Y8) -> 0 | AE8: =SUM(AC8+AD8) -> 0 | AF8: =IFERROR(AVERAGE(F8,K8,P8,U8,Z8),"-") -> - | AG8: =IFERROR(((AC8*#REF!)+(AD8*#REF!)+(AF8*#REF!))/SUM(#REF!),"")
B9: David Melo | AB9: =COUNTIF(C9:Z9,"P") -> 0 | AC9: =SUM(D9,I9,N9,S9,X9) -> 0 | AD9: =SUM(E9,J9,O9,T9,Y9) -> 0 | AE9: =SUM(AC9+AD9) -> 0 | AF9: =IFERROR(AVERAGE(F9,K9,P9,U9,Z9),"-") -> - | AG9: =IFERROR(((AC9*#REF!)+(AD9*#REF!)+(AF9*#REF!))/SUM(#REF!),"")
B10: Douglas DG (GK) | AB10: =COUNTIF(C10:Z10,"P") -> 0 | AC10: =SUM(D10,I10,N10,S10,X10) -> 0 | AD10: =SUM(E10,J10,O10,T10,Y10) -> 0 | AE10: =SUM(AC10+AD10) -> 0 | AF10: =IFERROR(AVERAGE(F10,K10,P10,U10,Z10),"-") -> - | AG10: =IFERROR(((AC10*#REF!)+(AD10*#REF!)+(AF10*#REF!))/SUM(#REF!),"")
B11: Felipe Horsts | AB11: =COUNTIF(C11:Z11,"P") -> 0 | AC11: =SUM(D11,I11,N11,S11,X11) -> 0 | AD11: =SUM(E11,J11,O11,T11,Y11) -> 0 | AE11: =SUM(AC11+AD11) -> 0 | AF11: =IFERROR(AVERAGE(F11,K11,P11,U11,Z11),"-") -> - | AG11: =IFERROR(((AC11*#REF!)+(AD11*#REF!)+(AF11*#REF!))/SUM(#REF!),"")
B12: Gabriel Andrade | AB12: =COUNTIF(C12:Z12,"P") -> 0 | AC12: =SUM(D12,I12,N12,S12,X12) -> 0 | AD12: =SUM(E12,J12,O12,T12,Y12) -> 0 | AE12: =SUM(AC12+AD12) -> 0 | AF12: =IFERROR(AVERAGE(F12,K12,P12,U12,Z12),"-") -> - | AG12: =IFERROR(((AC12*#REF!)+(AD12*#REF!)+(AF12*#REF!))/SUM(#REF!),"")
B13: Gabriel Castro | AB13: =COUNTIF(C13:Z13,"P") -> 0 | AC13: =SUM(D13,I13,N13,S13,X13) -> 0 | AD13: =SUM(E13,J13,O13,T13,Y13) -> 0 | AE13: =SUM(AC13+AD13) -> 0 | AF13: =IFERROR(AVERAGE(F13,K13,P13,U13,Z13),"-") -> - | AG13: =IFERROR(((AC13*#REF!)+(AD13*#REF!)+(AF13*#REF!))/SUM(#REF!),"")
B14: Gabriel Cosendey | AB14: =COUNTIF(C14:Z14,"P") -> 0 | AC14: =SUM(D14,I14,N14,S14,X14) -> 0 | AD14: =SUM(E14,J14,O14,T14,Y14) -> 0 | AE14: =SUM(AC14+AD14) -> 0 | AF14: =IFERROR(AVERAGE(F14,K14,P14,U14,Z14),"-") -> - | AG14: =IFERROR(((AC14*#REF!)+(AD14*#REF!)+(AF14*#REF!))/SUM(#REF!),"")
B15: Gabriel Teixeira | AB15: =COUNTIF(C15:Z15,"P") -> 0 | AC15: =SUM(D15,I15,N15,S15,X15) -> 0 | AD15: =SUM(E15,J15,O15,T15,Y15) -> 0 | AE15: =SUM(AC15+AD15) -> 0 | AF15: =IFERROR(AVERAGE(F15,K15,P15,U15,Z15),"-") -> - | AG15: =IFERROR(((AC15*#REF!)+(AD15*#REF!)+(AF15*#REF!))/SUM(#REF!),"")
B16: Guilherme Santos (GK) | AB16: =COUNTIF(C16:Z16,"P") -> 0 | AC16: =SUM(D16,I16,N16,S16,X16) -> 0 | AD16: =SUM(E16,J16,O16,T16,Y16) -> 0 | AE16: =SUM(AC16+AD16) -> 0 | AF16: =IFERROR(AVERAGE(F16,K16,P16,U16,Z16),"-") -> - | AG16: =IFERROR(((AC16*#REF!)+(AD16*#REF!)+(AF16*#REF!))/SUM(#REF!),"")
... B48: Salomão Charbel | AB48: =COUNTIF(C48:Z48,"P") -> 0 | AC48: =SUM(D48,I48,N48,S48,X48) -> 0 | AD48: =SUM(E48,J48,O48,T48,Y48) -> 0 | AE48: =SUM(AC48+AD48) -> 0 | AF48: =IFERROR(AVERAGE(F48,K48,P48,U48,Z48),"-") -> - | AG48: =IFERROR(((AC48*#REF!)+(AD48*#REF!)+(AF48*#REF!))/SUM(#REF!),"")
B49: Thiago Amorim - Caputira
B50: Wanderson Santiago
B51: Wellington Leite
B52: Yamam Fagundes

Sheet TOTAL
B1: PELADA DA RESENHA - TERÇA 20H
B3: JOGADOR | C3: POSIÇÃO | D3: PRESENÇA | E3: % | F3: GOLS TOTAIS | G3: ASSIST TOTAIS | H3: G+A | I3: FOTOS | J3: MÉDIA TOTAL | W3: ARTILHEIRO | X3: GOLS | AC3: GARÇOM | AD3: ASSIST | AI3: BAGRE | AJ3: NOTA | AM3: FOMINHAS | AN3: % | BF3: GOLS + ASSIST | BG3: G+A | BL3: FOTOS | BM3: FOTOS
K4: GOLS | M4: ASSIST | O4: PRESENÇA | Q4: G+A | S4: FOTOS
B5: =JAN!B5 -> Alberto Henrique | C5: MEI | D5: =SUM(JAN:DEZ!AB5) -> 32 | E5: =D5/45 -> 0.71111111 | F5: =SUM(JAN:DEZ!AC5) -> 49 | G5: =SUM(JAN:DEZ!AD5) -> 33 | H5: =SUM(JAN:DEZ!AE5) -> 82 | I5: =SUM(JAN:DEZ!AF5) -> 10 | J5: =IFERROR(AVERAGE(JAN:DEZ!AG5),"-") -> 6.0821 | K5: =COUNTIF(F5:$F$5,F5) -> 1 | L5: =F5&K5 -> 491 | M5: =COUNTIF(G5:$G$5,G5) -> 1 | N5: =G5&M5 -> 331 | O5: =COUNTIF(E5:$E$5,E5) -> 1 | P5: =E5&O5 -> 0,7111111111111111 | Q5: =COUNTIF(H5:$H$5,H5) -> 1 | R5: =H5&Q5 -> 821 | S5: =COUNTIF(I5:$I$5,I5) -> 1 | T5: =I5&S5 -> 101 | V5: 1 | W5: =INDEX($B$5:$L$100,MATCH(Z5,$L$5:$L$100,0),1) -> João Vitor Nunes | X5: =LARGE($F$5:$F$100,V5) -> 92 | Y5: =COUNTIF(X5:$X$5,X5) -> 1 | Z5: =X5&Y5 -> 921 | AB5: 1 | AC5: =INDEX($B$5:$N$100,MATCH(AF5,$N$5:$N$100,0),1) -> Meurin | AD5: =IFERROR(LARGE($G$5:$G$100,AB5),"-") -> 67 | AE5: =COUNTIF(AD5:$AD$5,AD5) -> 1 | AF5: =AD5&AE5 -> 671 | AH5: 1 | AI5: =INDEX($B$5:$J$68,MATCH(AJ5,$J$5:$J$68,0),1) -> Felipe Horsts | AJ5: =IFERROR(LARGE(J$5:J$68,AH5),"-") -> 6.6021429 | AL5: 1 | AM5: =INDEX($B$5:$P$68,MATCH(AP5,$P$5:$P$68,0),1) -> Guilherme Santos (GK) | AN5: =IFERROR(LARGE(E$5:E$68,AL5),"-") -> 0.88888889 | AO5: =COUNTIF(AN5:$AN$5,AN5) -> 1 | AP5: =AN5&AO5 -> 0,8888888888888891 | AR5: =IF($C$5:$C$68="GOL",$J$5:$J$68,"") | AS5: =IF($C$5:$C$68="ZAG",$J$5:$J$68,"") | AT5: =IF($C$5:$C$68="MEI",$J$5:$J$68,"") -> 6.0821 | AU5: =IF($C$5:$C$68="ATA",$J$5:$J$68,"") | AW5: =IF(E5>=$AL$58,AR5,"") | AX5: =IF(E5>=$AL$58,AS5,"") | AY5: =IF(E5>=$AL$58,AT5,"") -> 6.0821 | AZ5: =IF(E5>=$AL$58,AU5,"") | BC5: =IF(E5>=AL$58,J5,"") -> 6.0821 | BE5: 1 | BF5: =INDEX($B$5:$R$68,MATCH(BI5,$R$5:$R$68,0),1) -> João Vitor Nunes | BG5: =IFERROR(LARGE($H$5:$H$68,BE5),"-") -> 132 | BH5: =COUNTIF(BG5:$BG$5,BG5) -> 1 | BI5: =BG5&BH5 -> 1321 | BK5: 1 | BL5: =INDEX($B$5:$T$68,MATCH(BO5,$T$5:$T$68,0),1) -> Gabriel Andrade | BM5: =IFERROR(LARGE($I$5:$I$68,BK5),"-") -> 17 | BN5: =COUNTIF(BM5:$BM$5,BM5) -> 1 | BO5: =BM5&BN5 -> 171
B6: =JAN!B6 -> Allan Borela | C6: MEI | D6: =SUM(JAN:DEZ!AB6) -> 20 | E6: =D6/45 -> 0.44444444 | F6: =SUM(JAN:DEZ!AC6) -> 8 | G6: =SUM(JAN:DEZ!AD6) -> 14 | H6: =SUM(JAN:DEZ!AE6) -> 22 | I6: =SUM(JAN:DEZ!AF6) -> 9 | J6: =IFERROR(AVERAGE(JAN:DEZ!AG6),"-") -> 4.9390476 | K6: =COUNTIF(F$5:$F6,F6) -> 1 | L6: =F6&K6 -> 81 | M6: =COUNTIF(G$5:$G6,G6) -> 1 | N6: =G6&M6 -> 141 | O6: =COUNTIF(E$5:$E6,E6) -> 1 | P6: =E6&O6 -> 0,4444444444444441 | Q6: =COUNTIF(H$5:$H6,H6) -> 1 | R6: =H6&Q6 -> 221 | S6: =COUNTIF(I$5:$I6,I6) -> 1 | T6: =I6&S6 -> 91 | V6: 2 | W6: =INDEX($B$5:$L$100,MATCH(Z6,$L$5:$L$100,0),1) -> Gabriel Andrade | X6: =LARGE($F$5:$F$100,V6) -> 82 | Y6: =COUNTIF(X$5:$X6,X6) -> 1 | Z6: =X6&Y6 -> 821 | AB6: 2 | AC6: =INDEX($B$5:$N$100,MATCH(AF6,$N$5:$N$100,0),1) -> Pedro Dias | AD6: =IFERROR(LARGE($G$5:$G$100,AB6),"-") -> 56 | AE6: =COUNTIF(AD$5:$AD6,AD6) -> 1 | AF6: =AD6&AE6 -> 561 | AH6: 2 | AI6: =INDEX($B$5:$J$68,MATCH(AJ6,$J$5:$J$68,0),1) -> Marcelo Castro | AJ6: =IFERROR(LARGE(J$5:J$68,AH6),"-") -> 6.5958333 | AL6: 2 | AM6: =INDEX($B$5:$P$68,MATCH(AP6,$P$5:$P$68,0),1) -> Meurin | AN6: =IFERROR(LARGE(E$5:E$68,AL6),"-") -> 0.86666667 | AO6: =COUNTIF(AN$5:$AN6,AN6) -> 1 | AP6: =AN6&AO6 -> 0,8666666666666671 | AR6: =IF($C$5:$C$68="GOL",$J$5:$J$68,"") | AS6: =IF($C$5:$C$68="ZAG",$J$5:$J$68,"") | AT6: =IF($C$5:$C$68="MEI",$J$5:$J$68,"") -> 4.9390476 | AU6: =IF($C$5:$C$68="ATA",$J$5:$J$68,"") | AW6: =IF(E6>=$AL$58,AR6,"") | AX6: =IF(E6>=$AL$58,AS6,"") | AY6: =IF(E6>=$AL$58,AT6,"") -> 4.9390476 | AZ6: =IF(E6>=$AL$58,AU6,"") | BC6: =IF(E6>=AL$58,J6,"") -> 4.9390476 | BE6: 2 | BF6: =INDEX($B$5:$R$68,MATCH(BI6,$R$5:$R$68,0),1) -> Gabriel Andrade | BG6: =IFERROR(LARGE($H$5:$H$68,BE6),"-") -> 122 | BH6: =COUNTIF(BG$5:$BG6,BG6) -> 1 | BI6: =BG6&BH6 -> 1221 | BK6: 2 | BL6: =INDEX($B$5:$T$68,MATCH(BO6,$T$5:$T$68,0),1) -> Douglas DG (GK) | BM6: =IFERROR(LARGE($I$5:$I$68,BK6),"-") -> 13 | BN6: =COUNTIF(BM$5:$BM6,BM6) -> 1 | BO6: =BM6&BN6 -> 131
B7: =JAN!B7 -> Breno (GK) | C7: GOL | D7: =SUM(JAN:DEZ!AB7) -> 5 | E7: =D7/45 -> 0.11111111 | F7: =SUM(JAN:DEZ!AC7) -> 0 | G7: =SUM(JAN:DEZ!AD7) -> 0 | H7: =SUM(JAN:DEZ!AE7) -> 0 | I7: =SUM(JAN:DEZ!AF7) -> 3 | J7: =IFERROR(AVERAGE(JAN:DEZ!AG7),"-") -> 6.1183333 | K7: =COUNTIF(F$5:$F7,F7) -> 1 | L7: =F7&K7 -> 01 | M7: =COUNTIF(G$5:$G7,G7) -> 1 | N7: =G7&M7 -> 01 | O7: =COUNTIF(E$5:$E7,E7) -> 1 | P7: =E7&O7 -> 0,1111111111111111 | Q7: =COUNTIF(H$5:$H7,H7) -> 1 | R7: =H7&Q7 -> 01 | S7: =COUNTIF(I$5:$I7,I7) -> 1 | T7: =I7&S7 -> 31 | V7: 3 | W7: =INDEX($B$5:$L$100,MATCH(Z7,$L$5:$L$100,0),1) -> Matheus Gomes | X7: =LARGE($F$5:$F$100,V7) -> 69 | Y7: =COUNTIF(X$5:$X7,X7) -> 1 | Z7: =X7&Y7 -> 691 | AB7: 3 | AC7: =INDEX($B$5:$N$100,MATCH(AF7,$N$5:$N$100,0),1) -> José Guilherme | AD7: =IFERROR(LARGE($G$5:$G$100,AB7),"-") -> 43 | AE7: =COUNTIF(AD$5:$AD7,AD7) -> 1 | AF7: =AD7&AE7 -> 431 | AH7: 3 | AI7: =INDEX($B$5:$J$68,MATCH(AJ7,$J$5:$J$68,0),1) -> Gabriel Andrade | AJ7: =IFERROR(LARGE(J$5:J$68,AH7),"-") -> 6.47845 | AL7: 3 | AM7: =INDEX($B$5:$P$68,MATCH(AP7,$P$5:$P$68,0),1) -> João Vitor Nunes | AN7: =IFERROR(LARGE(E$5:E$68,AL7),"-") -> 0.84444444 | AO7: =COUNTIF(AN$5:$AN7,AN7) -> 1 | AP7: =AN7&AO7 -> 0,8444444444444441 | AR7: =IF($C$5:$C$68="GOL",$J$5:$J$68,"") -> 6.1183333 | AS7: =IF($C$5:$C$68="ZAG",$J$5:$J$68,"") | AT7: =IF($C$5:$C$68="MEI",$J$5:$J$68,"") | AU7: =IF($C$5:$C$68="ATA",$J$5:$J$68,"") | AW7: =IF(E7>=$AL$58,AR7,"") | AX7: =IF(E7>=$AL$58,AS7,"") | AY7: =IF(E7>=$AL$58,AT7,"") | AZ7: =IF(E7>=$AL$58,AU7,"") | BC7: =IF(E7>=AL$58,J7,"") | BE7: 3 | BF7: =INDEX($B$5:$R$68,MATCH(BI7,$R$5:$R$68,0),1) -> Matheus Gomes | BG7: =IFERROR(LARGE($H$5:$H$68,BE7),"-") -> 110 | BH7: =COUNTIF(BG$5:$BG7,BG7) -> 1 | BI7: =BG7&BH7 -> 1101 | BK7: 3 | BL7: =INDEX($B$5:$T$68,MATCH(BO7,$T$5:$T$68,0),1) -> Guilherme Santos (GK) | BM7: =IFERROR(LARGE($I$5:$I$68,BK7),"-") -> 13 | BN7: =COUNTIF(BM$5:$BM7,BM7) -> 2 | BO7: =BM7&BN7 -> 132
B8: =JAN!B8 -> Daniel Medeiros (GK) | C8: GOL | D8: =SUM(JAN:DEZ!AB8) -> 5 | E8: =D8/45 -> 0.11111111 | F8: =SUM(JAN:DEZ!AC8) -> 0 | G8: =SUM(JAN:DEZ!AD8) -> 1 | H8: =SUM(JAN:DEZ!AE8) -> 1 | I8: =SUM(JAN:DEZ!AF8) -> 3 | J8: =IFERROR(AVERAGE(JAN:DEZ!AG8),"-") -> 5.72 | K8: =COUNTIF(F$5:$F8,F8) -> 2 | L8: =F8&K8 -> 02 | M8: =COUNTIF(G$5:$G8,G8) -> 1 | N8: =G8&M8 -> 11 | O8: =COUNTIF(E$5:$E8,E8) -> 2 | P8: =E8&O8 -> 0,1111111111111112 | Q8: =COUNTIF(H$5:$H8,H8) -> 1 | R8: =H8&Q8 -> 11 | S8: =COUNTIF(I$5:$I8,I8) -> 2 | T8: =I8&S8 -> 32 | V8: 4 | W8: =INDEX($B$5:$L$100,MATCH(Z8,$L$5:$L$100,0),1) -> José Guilherme | X8: =LARGE($F$5:$F$100,V8) -> 62 | Y8: =COUNTIF(X$5:$X8,X8) -> 1 | Z8: =X8&Y8 -> 621 | AB8: 4 | AC8: =INDEX($B$5:$N$100,MATCH(AF8,$N$5:$N$100,0),1) -> Leo Starling | AD8: =IFERROR(LARGE($G$5:$G$100,AB8),"-") -> 41 | AE8: =COUNTIF(AD$5:$AD8,AD8) -> 1 | AF8: =AD8&AE8 -> 411 | AH8: 4 | AI8: =INDEX($B$5:$J$68,MATCH(AJ8,$J$5:$J$68,0),1) -> Guilherme Santos (GK) | AJ8: =IFERROR(LARGE(J$5:J$68,AH8),"-") -> 6.3762121 | AL8: 4 | AM8: =INDEX($B$5:$P$68,MATCH(AP8,$P$5:$P$68,0),1) -> Gabriel Andrade | AN8: =IFERROR(LARGE(E$5:E$68,AL8),"-") -> 0.82222222 | AO8: =COUNTIF(AN$5:$AN8,AN8) -> 1 | AP8: =AN8&AO8 -> 0,8222222222222221 | AR8: =IF($C$5:$C$68="GOL",$J$5:$J$68,"") -> 5.72 | AS8: =IF($C$5:$C$68="ZAG",$J$5:$J$68,"") | AT8: =IF($C$5:$C$68="MEI",$J$5:$J$68,"") | AU8: =IF($C$5:$C$68="ATA",$J$5:$J$68,"") | AW8: =IF(E8>=$AL$58,AR8,"") | AX8: =IF(E8>=$AL$58,AS8,"") | AY8: =IF(E8>=$AL$58,AT8,"") | AZ8: =IF(E8>=$AL$58,AU8,"") | BC8: =IF(E8>=AL$58,J8,"") | BE8: 4 | BF8: =INDEX($B$5:$R$68,MATCH(BI8,$R$5:$R$68,0),1) -> José Guilherme | BG8: =IFERROR(LARGE($H$5:$H$68,BE8),"-") -> 105 | BH8: =COUNTIF(BG$5:$BG8,BG8) -> 1 | BI8: =BG8&BH8 -> 1051 | BK8: 4 | BL8: =INDEX($B$5:$T$68,MATCH(BO8,$T$5:$T$68,0),1) -> João Vitor Nunes | BM8: =IFERROR(LARGE($I$5:$I$68,BK8),"-") -> 13 | BN8: =COUNTIF(BM$5:$BM8,BM8) -> 3 | BO8: =BM8&BN8 -> 133
B9: =JAN!B9 -> David Melo | C9: ZAG | D9: =SUM(JAN:DEZ!AB9) -> 17 | E9: =D9/45 -> 0.37777778 | F9: =SUM(JAN:DEZ!AC9) -> 14 | G9: =SUM(JAN:DEZ!AD9) -> 8 | H9: =SUM(JAN:DEZ!AE9) -> 22 | I9: =SUM(JAN:DEZ!AF9) -> 6 | J9: =IFERROR(AVERAGE(JAN:DEZ!AG9),"-") -> 5.807037 | K9: =COUNTIF(F$5:$F9,F9) -> 1 | L9: =F9&K9 -> 141 | M9: =COUNTIF(G$5:$G9,G9) -> 1 | N9: =G9&M9 -> 81 | O9: =COUNTIF(E$5:$E9,E9) -> 1 | P9: =E9&O9 -> 0,3777777777777781 | Q9: =COUNTIF(H$5:$H9,H9) -> 2 | R9: =H9&Q9 -> 222 | S9: =COUNTIF(I$5:$I9,I9) -> 1 | T9: =I9&S9 -> 61 | V9: 5 | W9: =INDEX($B$5:$L$100,MATCH(Z9,$L$5:$L$100,0),1) -> Lucas Leite - Coxinha | X9: =LARGE($F$5:$F$100,V9) -> 51 | Y9: =COUNTIF(X$5:$X9,X9) -> 1 | Z9: =X9&Y9 -> 511 | AB9: 5 | AC9: =INDEX($B$5:$N$100,MATCH(AF9,$N$5:$N$100,0),1) -> Matheus Gomes | AD9: =IFERROR(LARGE($G$5:$G$100,AB9),"-") -> 41 | AE9: =COUNTIF(AD$5:$AD9,AD9) -> 2 | AF9: =AD9&AE9 -> 412 | AH9: 5 | AI9: =INDEX($B$5:$J$68,MATCH(AJ9,$J$5:$J$68,0),1) -> Gabriel Cosendey | AJ9: =IFERROR(LARGE(J$5:J$68,AH9),"-") -> 6.2420833 | AL9: 5 | AM9: =INDEX($B$5:$P$68,MATCH(AP9,$P$5:$P$68,0),1) -> Pierre Paulo | AN9: =IFERROR(LARGE(E$5:E$68,AL9),"-") -> 0.82222222 | AO9: =COUNTIF(AN$5:$AN9,AN9) -> 2 | AP9: =AN9&AO9 -> 0,8222222222222222 | AR9: =IF($C$5:$C$68="GOL",$J$5:$J$68,"") | AS9: =IF($C$5:$C$68="ZAG",$J$5:$J$68,"") -> 5.807037 | AT9: =IF($C$5:$C$68="MEI",$J$5:$J$68,"") | AU9: =IF($C$5:$C$68="ATA",$J$5:$J$68,"") | AW9: =IF(E9>=$AL$58,AR9,"") | AX9: =IF(E9>=$AL$58,AS9,"") -> 5.807037 | AY9: =IF(E9>=$AL$58,AT9,"") | AZ9: =IF(E9>=$AL$58,AU9,"") | BC9: =IF(E9>=AL$58,J9,"") -> 5.807037 | BE9: 5 | BF9: =INDEX($B$5:$R$68,MATCH(BI9,$R$5:$R$68,0),1) -> Pedro Dias | BG9: =IFERROR(LARGE($H$5:$H$68,BE9),"-") -> 105 | BH9: =COUNTIF(BG$5:$BG9,BG9) -> 2 | BI9: =BG9&BH9 -> 1052 | BK9: 5 | BL9: =INDEX($B$5:$T$68,MATCH(BO9,$T$5:$T$68,0),1) -> Leo Starling | BM9: =IFERROR(LARGE($I$5:$I$68,BK9),"-") -> 12 | BN9: =COUNTIF(BM$5:$BM9,BM9) -> 1 | BO9: =BM9&BN9 -> 121
B10: =JAN!B10 -> Douglas DG (GK) | C10: GOL | D10: =SUM(JAN:DEZ!AB10) -> 26 | E10: =D10/45 -> 0.57777778 | F10: =SUM(JAN:DEZ!AC10) -> 0 | G10: =SUM(JAN:DEZ!AD10) -> 3 | H10: =SUM(JAN:DEZ!AE10) -> 3 | I10: =SUM(JAN:DEZ!AF10) -> 13 | J10: =IFERROR(AVERAGE(JAN:DEZ!AG10),"-") -> 6.0192593 | K10: =COUNTIF(F$5:$F10,F10) -> 3 | L10: =F10&K10 -> 03 | M10: =COUNTIF(G$5:$G10,G10) -> 1 | N10: =G10&M10 -> 31 | O10: =COUNTIF(E$5:$E10,E10) -> 1 | P10: =E10&O10 -> 0,5777777777777781 | Q10: =COUNTIF(H$5:$H10,H10) -> 1 | R10: =H10&Q10 -> 31 | S10: =COUNTIF(I$5:$I10,I10) -> 1 | T10: =I10&S10 -> 131 | V10: 6 | W10: =INDEX($B$5:$L$100,MATCH(Z10,$L$5:$L$100,0),1) -> Alberto Henrique | X10: =LARGE($F$5:$F$100,V10) -> 49 | Y10: =COUNTIF(X$5:$X10,X10) -> 1 | Z10: =X10&Y10 -> 491 | AB10: 6 | AC10: =INDEX($B$5:$N$100,MATCH(AF10,$N$5:$N$100,0),1) -> Gabriel Andrade | AD10: =IFERROR(LARGE($G$5:$G$100,AB10),"-") -> 40 | AE10: =COUNTIF(AD$5:$AD10,AD10) -> 1 | AF10: =AD10&AE10 -> 401 | AH10: 6 | AI10: =INDEX($B$5:$J$68,MATCH(AJ10,$J$5:$J$68,0),1) -> Lucas Bertolace | AJ10: =IFERROR(LARGE(J$5:J$68,AH10),"-") -> 6.195 | AL10: 6 | AM10: =INDEX($B$5:$P$68,MATCH(AP10,$P$5:$P$68,0),1) -> Ruan Amorim | AN10: =IFERROR(LARGE(E$5:E$68,AL10),"-") -> 0.82222222 | AO10: =COUNTIF(AN$5:$AN10,AN10) -> 3 | AP10: =AN10&AO10 -> 0,8222222222222223 | AR10: =IF($C$5:$C$68="GOL",$J$5:$J$68,"") -> 6.0192593 | AS10: =IF($C$5:$C$68="ZAG",$J$5:$J$68,"") | AT10: =IF($C$5:$C$68="MEI",$J$5:$J$68,"") | AU10: =IF($C$5:$C$68="ATA",$J$5:$J$68,"") | AW10: =IF(E10>=$AL$58,AR10,"") -> 6.0192593 | AX10: =IF(E10>=$AL$58,AS10,"") | AY10: =IF(E10>=$AL$58,AT10,"") | AZ10: =IF(E10>=$AL$58,AU10,"") | BC10: =IF(E10>=AL$58,J10,"") -> 6.0192593 | BE10: 6 | BF10: =INDEX($B$5:$R$68,MATCH(BI10,$R$5:$R$68,0),1) -> Meurin | BG10: =IFERROR(LARGE($H$5:$H$68,BE10),"-") -> 93 | BH10: =COUNTIF(BG$5:$BG10,BG10) -> 1 | BI10: =BG10&BH10 -> 931 | BK10: 6 | BL10: =INDEX($B$5:$T$68,MATCH(BO10,$T$5:$T$68,0),1) -> Pedro Dias | BM10: =IFERROR(LARGE($I$5:$I$68,BK10),"-") -> 12 | BN10: =COUNTIF(BM$5:$BM10,BM10) -> 2 | BO10: =BM10&BN10 -> 122
B11: =JAN!B11 -> Felipe Horsts | C11: ATA | D11: =SUM(JAN:DEZ!AB11) -> 18 | E11: =D11/45 -> 0.4 | F11: =SUM(JAN:DEZ!AC11) -> 41 | G11: =SUM(JAN:DEZ!AD11) -> 33 | H11: =SUM(JAN:DEZ!AE11) -> 74 | I11: =SUM(JAN:DEZ!AF11) -> 9 | J11: =IFERROR(AVERAGE(JAN:DEZ!AG11),"-") -> 6.6021429 | K11: =COUNTIF(F$5:$F11,F11) -> 1 | L11: =F11&K11 -> 411 | M11: =COUNTIF(G$5:$G11,G11) -> 2 | N11: =G11&M11 -> 332 | O11: =COUNTIF(E$5:$E11,E11) -> 1 | P11: =E11&O11 -> 0,41 | Q11: =COUNTIF(H$5:$H11,H11) -> 1 | R11: =H11&Q11 -> 741 | S11: =COUNTIF(I$5:$I11,I11) -> 2 | T11: =I11&S11 -> 92 | V11: 7 | W11: =INDEX($B$5:$L$100,MATCH(Z11,$L$5:$L$100,0),1) -> Pedro Dias | X11: =LARGE($F$5:$F$100,V11) -> 49 | Y11: =COUNTIF(X$5:$X11,X11) -> 2 | Z11: =X11&Y11 -> 492 | AB11: 7 | AC11: =INDEX($B$5:$N$100,MATCH(AF11,$N$5:$N$100,0),1) -> João Vitor Nunes | AD11: =IFERROR(LARGE($G$5:$G$100,AB11),"-") -> 40 | AE11: =COUNTIF(AD$5:$AD11,AD11) -> 2 | AF11: =AD11&AE11 -> 402 | AH11: 7 | AI11: =INDEX($B$5:$J$68,MATCH(AJ11,$J$5:$J$68,0),1) -> Henrique Viza | AJ11: =IFERROR(LARGE(J$5:J$68,AH11),"-") -> 6.1605556 | AL11: 7 | AM11: =INDEX($B$5:$P$68,MATCH(AP11,$P$5:$P$68,0),1) -> Matheus Gomes | AN11: =IFERROR(LARGE(E$5:E$68,AL11),"-") -> 0.8 | AO11: =COUNTIF(AN$5:$AN11,AN11) -> 1 | AP11: =AN11&AO11 -> 0,81 | AR11: =IF($C$5:$C$68="GOL",$J$5:$J$68,"") | AS11: =IF($C$5:$C$68="ZAG",$J$5:$J$68,"") | AT11: =IF($C$5:$C$68="MEI",$J$5:$J$68,"") | AU11: =IF($C$5:$C$68="ATA",$J$5:$J$68,"") -> 6.6021429 | AW11: =IF(E11>=$AL$58,AR11,"") | AX11: =IF(E11>=$AL$58,AS11,"") | AY11: =IF(E11>=$AL$58,AT11,"") | AZ11: =IF(E11>=$AL$58,AU11,"") -> 6.6021429 | BC11: =IF(E11>=AL$58,J11,"") -> 6.6021429 | BE11: 7 | BF11: =INDEX($B$5:$R$68,MATCH(BI11,$R$5:$R$68,0),1) -> Lucas Leite - Coxinha | BG11: =IFERROR(LARGE($H$5:$H$68,BE11),"-") -> 90 | BH11: =COUNTIF(BG$5:$BG11,BG11) -> 1 | BI11: =BG11&BH11 -> 901 | BK11: 7 | BL11: =INDEX($B$5:$T$68,MATCH(BO11,$T$5:$T$68,0),1) -> Reinaldo Santana | BM11: =IFERROR(LARGE($I$5:$I$68,BK11),"-") -> 12 | BN11: =COUNTIF(BM$5:$BM11,BM11) -> 3 | BO11: =BM11&BN11 -> 123
